0.465087891,-0.668334961,-0.716430664
0.070922852,-0.417602539,-0.563110352
-0.021972656,-0.312866211,-0.540161133
0.154785156,-0.448364258,-0.568359375
0.369995117,-0.642822266,-0.660522461
0.411865234,-0.739379883,-0.741210938
0.304077148,-0.807495117,-0.742797852
0.192138672,-0.790771484,-0.718994141
0.25402832,-0.750610352,-0.73046875
0.186645508,-0.759277344,-0.674194336
0.032348633,-0.705688477,-0.610961914
-0.035400391,-0.873413086,-0.64831543
-0.03137207,-0.844116211,-0.590454102
-0.041503906,-0.815307617,-0.55065918
-0.102416992,-0.797851563,-0.505615234
-0.115722656,-0.82409668,-0.557128906
-0.09777832,-0.815185547,-0.585327148
-0.088256836,-0.792358398,-0.583251953
-0.063232422,-0.745117188,-0.599365234
-0.039794922,-0.73815918,-0.612304688
-0.056762695,-0.786987305,-0.55847168
-0.092529297,-0.75012207,-0.537231445
-0.034912109,-0.775756836,-0.518310547
-0.033325195,-0.823608398,-0.5
0.018554688,-0.927124023,-0.531982422
0.033325195,-0.970947266,-0.529663086
0.017700195,-0.932861328,-0.505004883
-0.017822266,-0.845703125,-0.497314453
0.009277344,-0.837524414,-0.474121094
-0.004760742,-0.83190918,-0.426879883
0.025146484,-0.903076172,-0.403076172
0.049926758,-0.848266602,-0.425170898
-0.026733398,-0.904174805,-0.416381836
-0.088745117,-0.890869141,-0.458251953
-0.1171875,-0.845336914,-0.424194336
-0.182128906,-0.77722168,-0.405151367
-0.130737305,-0.847290039,-0.473022461
-0.097045898,-0.889770508,-0.477294922
-0.12512207,-0.839599609,-0.48840332
-0.106079102,-0.890380859,-0.415283203
-0.073364258,-0.848144531,-0.477294922
-0.14453125,-0.857543945,-0.430175781
-0.098266602,-0.843261719,-0.330688477
-0.099243164,-0.818603516,-0.351806641
-0.024658203,-0.871948242,-0.217529297
-0.124755859,-0.811279297,-0.554443359
-0.094970703,-0.860351563,-0.305175781
0.018554688,-1.048461914,-0.322998047
-0.127563477,-0.996459961,-0.315673828
-0.131835938,-1.036132813,-0.278076172
-0.086425781,-1.029541016,-0.271850586
-0.076171875,-1.16015625,-0.309570313
-0.146606445,-1.018554688,-0.293212891
0.01940918,-1.126831055,-0.145629883
0.007080078,-1.06628418,-0.199584961
-0.118896484,-1.032226563,-0.224365234
-0.270385742,-0.988037109,-0.195922852
-0.136474609,-0.918579102,-0.094726563
-0.114746094,-1.033325195,-0.195678711
-0.203613281,-1.069335938,-0.177001953
-0.137207031,-1.107421875,-0.203613281
-0.154663086,-1.059448242,-0.254760742
-0.154907227,-1.03515625,-0.098022461
-0.087768555,-1.12512207,-0.148803711
-0.126586914,-1.125610352,-0.172241211
-0.172363281,-1.079223633,-0.145507813
-0.142089844,-1.019165039,-0.178833008
-0.204833984,-1.028930664,-0.178833008
-0.199829102,-1.04699707,-0.1875
-0.138671875,-1.041748047,-0.197631836
-0.171142578,-1.003417969,-0.214599609
-0.174316406,-1.004150391,-0.225585938
-0.152832031,-1.006225586,-0.239013672
-0.157714844,-0.997802734,-0.287963867
-0.168212891,-0.957763672,-0.247802734
-0.18359375,-0.922241211,-0.259643555
-0.173583984,-0.897583008,-0.292724609
-0.157714844,-0.908447266,-0.293823242
-0.145996094,-0.919799805,-0.269775391
-0.154785156,-0.884399414,-0.268554688
-0.153808594,-0.893188477,-0.306396484
-0.119506836,-0.924194336,-0.318115234
-0.115722656,-0.88671875,-0.306152344
-0.141723633,-0.876342773,-0.348876953
-0.160400391,-0.889038086,-0.365600586
-0.14440918,-0.901000977,-0.322143555
-0.120239258,-0.909057617,-0.339233398
-0.096801758,-0.887084961,-0.363647461
-0.121337891,-0.891113281,-0.358886719
-0.116210938,-0.931762695,-0.349975586
-0.098510742,-0.947387695,-0.349121094
-0.082397461,-0.900878906,-0.360351563
-0.088134766,-0.924194336,-0.334350586
-0.058349609,-0.980224609,-0.340209961
-0.063842773,-0.920410156,-0.348632813
-0.051391602,-0.938720703,-0.329956055
-0.060791016,-0.931274414,-0.32434082
-0.089355469,-0.933105469,-0.346191406
-0.061401367,-0.923217773,-0.349975586
-0.088012695,-0.902954102,-0.328613281
-0.06628418,-0.865600586,-0.358154297
-0.080322266,-0.892700195,-0.344970703
-0.084960938,-0.916259766,-0.346069336
-0.089599609,-0.920776367,-0.395996094
-0.110839844,-0.92565918,-0.359985352
-0.072753906,-0.913208008,-0.348632813
-0.067626953,-0.896240234,-0.373657227
-0.088256836,-0.935791016,-0.356689453
-0.05456543,-0.922729492,-0.341796875
-0.047851563,-0.944580078,-0.33972168
-0.079589844,-0.915893555,-0.357910156
-0.081542969,-0.91418457,-0.342773438
-0.075927734,-0.931396484,-0.357299805
-0.075805664,-0.925048828,-0.332519531
-0.086303711,-0.893310547,-0.343139648
-0.093017578,-0.917358398,-0.351074219
-0.096191406,-0.918212891,-0.328857422
-0.071899414,-0.922729492,-0.337402344
-0.084838867,-0.916748047,-0.340209961
-0.124633789,-0.924926758,-0.338256836
-0.107788086,-0.928100586,-0.309082031
-0.085205078,-0.928100586,-0.334960938
-0.117675781,-0.895751953,-0.314331055
-0.105957031,-0.919311523,-0.324462891
-0.100585938,-0.940063477,-0.313354492
-0.10534668,-0.955688477,-0.30078125
-0.083251953,-0.962402344,-0.272827148
-0.099365234,-0.92175293,-0.290893555
-0.110717773,-0.936767578,-0.291503906
-0.11706543,-0.927001953,-0.283203125
-0.127441406,-0.921386719,-0.31237793
-0.154785156,-0.947875977,-0.289306641
-0.137329102,-0.938842773,-0.276123047
-0.141601563,-0.929443359,-0.26965332
-0.140014648,-0.938720703,-0.272460938
-0.129882813,-0.942260742,-0.256591797
-0.126098633,-0.94128418,-0.264038086
-0.180419922,-0.956054688,-0.268310547
-0.173950195,-0.93371582,-0.239013672
-0.146850586,-0.934204102,-0.233032227
-0.165893555,-0.928100586,-0.232543945
-0.193847656,-0.971313477,-0.247558594
-0.149047852,-0.976928711,-0.213256836
-0.142456055,-0.964355469,-0.21875
-0.180419922,-0.933105469,-0.216430664
-0.185791016,-0.929077148,-0.207641602
-0.219116211,-0.895019531,-0.238037109
-0.261352539,-0.932983398,-0.238525391
-0.224975586,-0.956787109,-0.212402344
-0.186767578,-1.014160156,-0.208984375
-0.186157227,-0.978759766,-0.209472656
-0.188476563,-0.960083008,-0.187988281
-0.193725586,-0.958862305,-0.173095703
-0.173339844,-0.977416992,-0.190307617
-0.189331055,-0.981079102,-0.166992188
-0.192260742,-0.958251953,-0.141113281
-0.146606445,-0.992797852,-0.114135742
-0.137207031,-1.01574707,-0.153564453
-0.17956543,-1.016967773,-0.151855469
-0.161376953,-1.052001953,-0.114990234
-0.121948242,-1.037353516,-0.13659668
-0.138916016,-1.016601563,-0.123291016
-0.131225586,-1.002807617,-0.12902832
-0.110351563,-1.036499023,-0.180786133
-0.089355469,-1.032714844,-0.193237305
-0.0390625,-1.102294922,-0.151977539
-0.078613281,-1.024047852,-0.271240234
-0.188842773,-1.021118164,-0.22644043
-0.13684082,-0.890380859,-0.27355957
-0.255249023,-0.713012695,-0.246582031
-0.196899414,-0.788574219,-0.19934082
-0.057006836,-0.832763672,-0.327758789
-0.06262207,-0.879882813,-0.339233398
-0.221679688,-0.837280273,-0.391235352
-0.280273438,-0.83996582,-0.408813477
-0.302490234,-0.846923828,-0.580810547
-0.408081055,1.162475586,-0.630371094
-0.500366211,1.220947266,-0.695922852
-0.353881836,0.807983398,-0.612304688
-0.213745117,0.875,-0.545043945
-0.211914063,0.906860352,-0.469482422
-0.191650391,0.806030273,-0.404052734
-0.143188477,0.811889648,-0.447631836
-0.153076172,0.899658203,-0.413330078
-0.163085938,0.893798828,-0.395996094
-0.146972656,0.899902344,-0.402954102
-0.192138672,0.94128418,-0.439575195
-0.235839844,0.924072266,-0.473388672
-0.311645508,0.926269531,-0.537841797
-0.289794922,0.885375977,-0.440307617
-0.17199707,0.854125977,-0.445922852
-0.21081543,0.866210938,-0.491577148
-0.253295898,0.879150391,-0.473632813
-0.236694336,0.848022461,-0.479736328
-0.246948242,0.889160156,-0.473022461
-0.229003906,0.864624023,-0.455566406
-0.180786133,0.817626953,-0.455810547
-0.191162109,0.832397461,-0.460083008
-0.221923828,0.857666016,-0.479980469
-0.212646484,0.859863281,-0.50012207
-0.252807617,0.864135742,-0.505249023
-0.220458984,0.828491211,-0.449829102
-0.16015625,0.792724609,-0.490966797
-0.202636719,0.795776367,-0.496582031
-0.233642578,0.806884766,-0.497802734
-0.243286133,0.796630859,-0.520629883
-0.240112305,0.800537109,-0.484985352
-0.214111328,0.80859375,-0.49621582
-0.240234375,0.80456543,-0.507202148
-0.227661133,0.822265625,-0.507324219
-0.206298828,0.862182617,-0.49597168
-0.200805664,0.83996582,-0.49609375
-0.227050781,0.835083008,-0.523925781
-0.272583008,0.856323242,-0.511352539
-0.259521484,0.74597168,-0.466552734
-0.174682617,0.759765625,-0.473876953
-0.192749023,0.826782227,-0.488037109
-0.227294922,0.817016602,-0.498901367
-0.244873047,0.814697266,-0.497802734
-0.21875,0.83203125,-0.491943359
-0.22644043,0.829101563,-0.489013672
-0.231689453,0.82434082,-0.472045898
-0.220336914,0.838867188,-0.473388672
-0.23059082,0.822753906,-0.483520508
-0.255615234,0.827880859,-0.486083984
-0.264770508,0.833984375,-0.467895508
-0.215209961,0.848632813,-0.459594727
-0.21484375,0.840820313,-0.470214844
-0.260986328,0.835327148,-0.485107422
-0.288574219,0.823120117,-0.46862793
-0.265625,0.82421875,-0.455810547
-0.204345703,0.876708984,-0.451538086
-0.242431641,0.867675781,-0.459472656
-0.256347656,0.895019531,-0.55456543
-0.336914063,0.864379883,-0.555786133
-0.21887207,0.740112305,-0.381591797
-0.074951172,0.776855469,-0.427856445
-0.199951172,0.851318359,-0.462280273
-0.274902344,0.86730957,-0.499145508
-0.274780273,0.853149414,-0.497314453
-0.243286133,0.801025391,-0.483032227
-0.248168945,0.782714844,-0.475463867
-0.209838867,0.809570313,-0.455200195
-0.220092773,0.821533203,-0.459960938
-0.274536133,0.877807617,-0.562133789
-0.32043457,0.791381836,-0.452148438
-0.204345703,0.82043457,-0.434936523
-0.229736328,0.818847656,-0.466918945
-0.284912109,0.846313477,-0.465576172
-0.243164063,0.897338867,-0.462280273
-0.257568359,0.872802734,-0.468505859
-0.255004883,0.867431641,-0.448364258
-0.239379883,0.866577148,-0.422363281
-0.249023438,0.857421875,-0.45690918
-0.258544922,0.873657227,-0.454467773
-0.264526367,0.877197266,-0.450317383
-0.272338867,0.859375,-0.450805664
-0.274902344,0.862182617,-0.445678711
-0.252685547,0.871948242,-0.44934082
-0.230712891,0.892700195,-0.449707031
-0.250976563,0.889160156,-0.473632813
-0.232299805,0.878173828,-0.459350586
-0.221557617,0.882080078,-0.473388672
-0.256591797,0.821655273,-0.478027344
-0.243896484,0.852172852,-0.482666016
-0.2109375,0.831787109,-0.498291016
-0.223510742,0.804199219,-0.498657227
-0.24230957,0.800537109,-0.505493164
-0.236572266,0.84777832,-0.543701172
-0.224853516,0.831054688,-0.522583008
-0.212768555,0.803710938,-0.512939453
-0.225097656,0.780761719,-0.540649414
-0.238647461,0.755004883,-0.522460938
-0.223022461,0.785888672,-0.548461914
-0.211181641,0.795043945,-0.578491211
-0.223144531,0.818847656,-0.543701172
-0.232788086,0.701049805,-0.536865234
-0.184692383,0.725585938,-0.531005859
-0.21484375,0.764160156,-0.551269531
-0.220214844,0.759399414,-0.526367188
-0.173461914,0.773681641,-0.584594727
-0.197509766,0.785888672,-0.574584961
-0.201171875,0.775146484,-0.539794922
-0.157958984,0.799316406,-0.564086914
-0.170043945,0.833129883,-0.54284668
-0.145385742,0.840942383,-0.532470703
-0.182983398,0.771728516,-0.522827148
-0.177001953,0.751464844,-0.535644531
-0.131591797,0.806518555,-0.548217773
-0.130249023,0.833862305,-0.570678711
-0.204345703,0.832885742,-0.573730469
-0.19140625,0.784912109,-0.524414063
-0.089111328,0.803222656,-0.554199219
-0.091796875,0.855102539,-0.544799805
-0.137207031,0.800170898,-0.53515625
-0.145385742,0.768920898,-0.539428711
-0.135253906,0.80859375,-0.565429688
-0.154663086,0.826416016,-0.574829102
-0.146850586,0.834106445,-0.542602539
-0.142822266,0.819946289,-0.521972656
-0.099609375,0.819091797,-0.573120117
-0.114135742,0.833129883,-0.566040039
-0.174072266,0.758544922,-0.565551758
-0.166015625,0.764282227,-0.612792969
-0.176879883,0.765258789,-0.557250977
-0.147460938,0.750366211,-0.571044922
-0.171386719,0.741333008,-0.583984375
-0.162475586,0.751098633,-0.580810547
-0.15612793,0.784423828,-0.590332031
-0.156494141,0.778442383,-0.569824219
-0.139282227,0.794799805,-0.553100586
-0.165527344,0.755493164,-0.56652832
-0.190795898,0.726196289,-0.581542969
-0.161499023,0.782836914,-0.553955078
-0.152099609,0.768066406,-0.567260742
-0.186767578,0.761108398,-0.558105469
-0.169433594,0.823974609,-0.562866211
-0.176635742,0.805786133,-0.55090332
-0.158081055,0.791748047,-0.565307617
-0.162597656,0.812255859,-0.540283203
-0.185424805,0.775878906,-0.539550781
-0.193115234,0.774414063,-0.533203125
-0.184692383,0.803100586,-0.539428711
-0.192749023,0.796142578,-0.551269531
-0.190673828,0.828369141,-0.526489258
-0.213134766,0.751831055,-0.560180664
-0.178588867,0.795898438,-0.525024414
-0.182739258,0.865478516,-0.517822266
-0.199951172,0.819580078,-0.521728516
-0.213500977,0.786865234,-0.514160156
-0.208740234,0.804077148,-0.503173828
-0.203369141,0.814819336,-0.49621582
-0.186157227,0.830932617,-0.482177734
-0.177368164,0.871459961,-0.469970703
-0.164306641,0.872924805,-0.444458008
-0.233886719,0.79309082,-0.551635742
-0.24597168,0.78112793,-0.466674805
-0.206176758,0.799316406,-0.469238281
-0.189575195,0.856689453,-0.427001953
-0.195922852,0.817382813,-0.529785156
-0.260864258,0.777099609,-0.492431641
-0.260253906,0.841918945,-0.447753906
-0.243652344,0.858276367,-0.43762207
-0.227905273,0.827880859,-0.448120117
-0.234863281,0.848876953,-0.420166016
-0.912963867,-0.047241211,-0.225952148
-0.958374023,-0.106689453,-0.2109375
-0.947875977,-0.150268555,-0.224853516
-0.987426758,-0.143066406,-0.235961914
-1,-0.095703125,-0.247314453
-0.98046875,-0.140136719,-0.261352539
-0.990722656,-0.107177734,-0.225708008
-0.998168945,-0.063354492,-0.229736328
-0.981567383,-0.067749023,-0.230102539
-0.974731445,-0.071044922,-0.233154297
-0.977905273,-0.076904297,-0.240844727
-0.964355469,-0.047485352,-0.218017578
-0.94519043,-0.028198242,-0.220947266
-0.959106445,-0.020019531,-0.222167969
-0.978759766,-0.026000977,-0.231201172
-1.027832031,-0.010498047,-0.232666016
-1.039428711,-0.034667969,-0.215087891
-1.033325195,-0.048706055,-0.201293945
-0.970581055,-0.044799805,-0.159179688
-0.944458008,-0.075439453,-0.18347168
-0.970947266,-0.110229492,-0.17199707
-0.995605469,-0.096191406,-0.198364258
-0.994628906,-0.009155273,-0.198364258
-0.96496582,0.025146484,-0.174560547
-0.963134766,-0.001708984,-0.17565918
-0.989624023,0.030761719,-0.213745117
-1.003540039,0.023803711,-0.195922852
-0.964599609,-0.020629883,-0.182617188
-0.967163086,-0.040527344,-0.17578125
-0.981079102,-0.035400391,-0.192260742
-0.996582031,-0.02746582,-0.194580078
-1.007080078,-0.016113281,-0.182861328
-0.991088867,-0.031982422,-0.192504883
-0.992797852,-0.020996094,-0.181640625
-1.013793945,-0.042358398,-0.198486328
-0.984130859,-0.022460938,-0.207275391
-0.994384766,-0.045532227,-0.174560547
-0.970336914,-0.037109375,-0.169189453
-0.949707031,-0.048950195,-0.16394043
-0.97253418,-0.023803711,-0.173706055
-0.946533203,-0.061645508,-0.164794922
-0.940063477,-0.034179688,-0.17199707
-0.951049805,-0.04675293,-0.16015625
-0.942016602,-0.058837891,-0.147705078
-0.948486328,-0.020263672,-0.146850586
-0.981201172,-0.049316406,-0.204833984
-0.97644043,-0.033447266,-0.221191406
-0.98059082,-0.034179688,-0.196289063
-0.955566406,-0.04699707,-0.176269531
-0.977172852,-0.01965332,-0.174804688
-1.001220703,-0.041748047,-0.204711914
-1.027832031,-0.047119141,-0.235473633
-1.022338867,-0.026489258,-0.221313477
-1.008789063,-0.028564453,-0.176147461
-0.967773438,-0.034301758,-0.15612793
-0.948120117,-0.075195313,-0.142211914
-0.938598633,-0.09765625,-0.145385742
-0.970825195,-0.103393555,-0.174316406
-1.017211914,-0.079589844,-0.208862305
-0.998413086,-0.044189453,-0.161621094
-0.955566406,-0.037597656,-0.132080078
-0.938842773,-0.075805664,-0.129394531
-0.955810547,-0.104492188,-0.136108398
-0.971069336,-0.075561523,-0.153442383
-1.01184082,-0.048583984,-0.141601563
-1.03894043,-0.037231445,-0.166870117
-0.990722656,-0.046508789,-0.119506836
-0.984008789,-0.070800781,-0.118774414
-1.040527344,-0.072265625,-0.138916016
-1.040405273,-0.088378906,-0.132202148
-1.023925781,-0.059204102,-0.128051758
-1.021484375,-0.070922852,-0.170410156
-1.071044922,-0.039794922,-0.162841797
-0.983886719,-0.004516602,-0.07824707
-0.945068359,-0.039428711,-0.044311523
-0.982666016,-0.064331055,-0.097167969
-1.026000977,-0.065063477,-0.106445313
-1.030273438,-0.052734375,-0.123046875
-1.005859375,-0.036132813,-0.118286133
-0.977783203,-0.009765625,-0.092407227
-0.986938477,-0.028320313,-0.094970703
-0.986572266,-0.062988281,-0.111328125
-0.982421875,-0.003295898,-0.11328125
-0.973510742,0.039672852,-0.098510742
-0.970336914,-0.020996094,-0.134155273
-0.998535156,0.029663086,-0.153808594
-1.005126953,0.020874023,-0.126953125
-0.961547852,0.032958984,-0.085327148
-0.980834961,0.000366211,-0.135620117
-0.999267578,0.015380859,-0.141723633
-1.002197266,0.016845703,-0.12890625
-0.978515625,0.007324219,-0.096191406
-1.028930664,-0.002441406,-0.094116211
-0.950317383,-0.120727539,-0.197631836
-0.955932617,0.252441406,-0.063232422
-0.940307617,-0.003540039,-0.028930664
-0.91809082,-0.269287109,-0.039550781
-0.966796875,-0.021484375,-0.146606445
-1.032226563,0.137084961,-0.129516602
-1.039428711,-0.118164063,-0.138793945
-0.961791992,-0.090332031,-0.149291992
-0.989013672,-0.05871582,-0.142456055
-1.036132813,-0.03515625,-0.159057617
-0.983032227,-0.026367188,-0.104736328
-0.917236328,-0.066772461,-0.095581055
-0.953857422,-0.022583008,-0.136352539
-1.010864258,-0.033203125,-0.139282227
-0.989013672,-0.046264648,-0.150634766
-0.970458984,-0.030639648,-0.131713867
-0.995483398,-0.027709961,-0.148071289
-1.061279297,-0.021606445,-0.21472168
-1.050537109,-0.033813477,-0.167114258
-0.98840332,0.000976563,-0.125976563
-0.968017578,-0.02722168,-0.137207031
-1.030883789,0.014160156,-0.171020508
-1.014770508,-0.045043945,-0.145141602
-0.954956055,0.024169922,-0.137817383
-0.962280273,-0.008300781,-0.140625
-1.007324219,-0.040039063,-0.186889648
-1.005126953,-0.016967773,-0.148681641
-0.970825195,-0.01965332,-0.125732422
-0.924438477,-0.012084961,-0.138427734
-0.969238281,-0.024902344,-0.163452148
-0.96472168,-0.040161133,-0.135498047
-0.964599609,-0.017456055,-0.137939453
-0.963745117,-0.016113281,-0.138671875
-0.957885742,-0.031738281,-0.13684082
-0.969238281,-0.061889648,-0.153930664
-0.958740234,-0.076904297,-0.159423828
-0.963989258,-0.067993164,-0.185180664
-1.022460938,-0.060546875,-0.197021484
-1.026977539,-0.056396484,-0.174072266
-0.95715332,0.000610352,-0.142578125
-0.951904297,-0.012817383,-0.141113281
-1.000976563,-0.018676758,-0.185546875
-1.021118164,-0.014648438,-0.194702148
-1.014282227,-0.030273438,-0.173950195
-0.9765625,-0.077148438,-0.166625977
-0.962158203,-0.009399414,-0.144897461
-0.967651367,-0.046386719,-0.139892578
-0.99597168,-0.061035156,-0.169189453
-0.995605469,-0.069702148,-0.157714844
-0.983398438,-0.065551758,-0.131347656
-0.967651367,-0.042358398,-0.140625
-1.000854492,-0.093383789,-0.162231445
-1.02722168,-0.069702148,-0.141479492
-0.987182617,-0.083618164,-0.131225586
-0.967529297,-0.031860352,-0.14074707
-0.99206543,-0.000854492,-0.163208008
-1.015136719,-0.031738281,-0.166625977
-1.000854492,0.01550293,-0.154174805
-0.985717773,0.016967773,-0.145874023
-1.002319336,-0.02331543,-0.204711914
-1.03515625,-0.007202148,-0.224609375
-1.026000977,-0.068237305,-0.192504883
-0.971069336,-0.043579102,-0.178344727
-0.970947266,-0.006713867,-0.166625977
-0.946411133,-0.025878906,-0.172485352
-0.959960938,-0.032348633,-0.177978516
-0.94519043,-0.022583008,-0.182861328
-0.963256836,-0.001831055,-0.23034668
-0.947998047,-0.061279297,-0.214599609
-0.926269531,-0.048950195,-0.165527344
-0.924682617,-0.076293945,-0.168457031
-0.9375,-0.057373047,-0.201293945
-0.970825195,-0.034912109,-0.213378906
-0.970825195,-0.084350586,-0.216552734
-0.952026367,-0.023193359,-0.229614258
-0.967895508,-0.091064453,-0.198120117
-0.942382813,-0.048583984,-0.178222656
-0.959350586,-0.079711914,-0.194458008
-0.983032227,-0.070068359,-0.203979492
-0.967407227,-0.077026367,-0.185302734
-0.947021484,-0.095458984,-0.138549805
-0.954345703,-0.068969727,-0.162841797
-1.044067383,-0.084106445,-0.24609375
-1.044311523,-0.033325195,-0.200683594
-1.000488281,-0.02734375,-0.181396484
-1.011108398,-0.064575195,-0.221923828
-1.024169922,-0.081665039,-0.222045898
-1.001953125,-0.079711914,-0.2109375
-0.945922852,-0.022216797,-0.15246582
-0.941040039,-0.0546875,-0.167724609
-0.967529297,-0.020019531,-0.178100586
-0.975463867,-0.080688477,-0.178833008
-0.931030273,-0.039306641,-0.142700195
-0.954956055,-0.094726563,-0.189453125
-0.996459961,-0.073242188,-0.177612305
-1.001464844,-0.08996582,-0.149169922
-0.975952148,-0.080322266,-0.129150391
-1.005004883,-0.108886719,-0.140258789
-1.042602539,-0.146850586,-0.161499023
-0.988891602,-0.146240234,-0.09765625
-0.956665039,-0.094238281,-0.135375977
-0.993530273,-0.099609375,-0.176635742
-1.012207031,-0.037597656,-0.220581055
-0.983276367,0.01184082,-0.182861328
-0.938598633,-0.01953125,-0.209106445
-0.948730469,-0.005249023,-0.204101563
-0.971679688,-0.047485352,-0.228027344
-0.959228516,0.013916016,-0.204589844
-0.959228516,-0.034057617,-0.229858398
-0.939086914,-0.022705078,-0.225341797
-0.913574219,-0.065429688,-0.201904297
-0.891357422,-0.035888672,-0.208251953
-0.955200195,-0.065185547,-0.227905273
-0.956542969,0.000610352,-0.221557617
-0.932617188,-0.0390625,-0.17980957
-0.935913086,-0.087402344,-0.194824219
-0.96887207,-0.113891602,-0.220092773
-1.028442383,-0.118530273,-0.236694336
-0.997924805,-0.065307617,-0.21887207
-0.975830078,-0.088623047,-0.198486328
-0.997436523,-0.083374023,-0.230957031
-1.004516602,-0.07434082,-0.211914063
-0.980712891,-0.040893555,-0.18762207
-0.957763672,-0.123291016,-0.183349609
-0.969604492,-0.102783203,-0.205566406
-0.993896484,-0.109741211,-0.182983398
-0.963745117,-0.104248047,-0.166259766
-0.950073242,-0.084960938,-0.178710938
-0.974487305,-0.092041016,-0.170410156
-0.978027344,-0.116943359,-0.169555664
-0.964111328,-0.140625,-0.164306641
-0.973632813,-0.084960938,-0.168945313
-0.988769531,-0.095703125,-0.178588867
-0.999023438,-0.068481445,-0.172973633
-0.98034668,-0.098510742,-0.142944336
-0.978393555,-0.069702148,-0.14440918
-0.976806641,-0.035400391,-0.180419922
-1.014648438,-0.08581543,-0.174072266
-0.993896484,-0.051025391,-0.160522461
-0.989624023,-0.100708008,-0.127685547
-1.026489258,-0.077270508,-0.128417969
-1.030273438,-0.107788086,-0.147216797
-1.050537109,-0.110595703,-0.134399414
-0.99609375,-0.077880859,-0.158325195
-1.008300781,-0.046630859,-0.152832031
-1.008056641,-0.043457031,-0.16027832
-0.965698242,-0.025634766,-0.145019531
-0.924438477,0.006591797,-0.114257813
-0.932983398,-0.051025391,-0.15246582
-0.971557617,-0.058227539,-0.162231445
-0.984375,-0.006835938,-0.174804688
-0.983642578,-0.019042969,-0.166870117
-1.009277344,-0.016235352,-0.165771484
-1.000488281,-0.041381836,-0.159301758
-0.990600586,-0.013061523,-0.139770508
-0.992919922,-0.032836914,-0.162353516
-0.98449707,-0.006958008,-0.169555664
-0.991210938,-0.022460938,-0.163696289
-0.964233398,-0.056152344,-0.155151367
-0.957275391,-0.038452148,-0.158325195
-0.970458984,-0.063232422,-0.147949219
-0.964355469,-0.048339844,-0.147338867
-0.967041016,-0.090087891,-0.147949219
-0.968383789,-0.047363281,-0.158569336
-0.981445313,-0.042236328,-0.165039063
-0.973510742,-0.103637695,-0.169311523
-1.001708984,-0.044799805,-0.18359375
-0.971313477,-0.077514648,-0.140991211
-0.978027344,-0.036987305,-0.162353516
-0.989135742,-0.036743164,-0.164428711
-0.980102539,-0.068969727,-0.16003418
-0.978881836,-0.02331543,-0.137084961
-0.971557617,-0.045288086,-0.156616211
-0.9765625,-0.030639648,-0.172363281
-1,-0.073120117,-0.18762207
-0.986938477,-0.05090332,-0.152099609
-0.96081543,-0.059936523,-0.157592773
-0.964355469,-0.032104492,-0.168457031
-0.990234375,-0.063842773,-0.162353516
-0.963500977,-0.038330078,-0.158813477
-0.952392578,-0.03125,-0.146240234
-0.986206055,-0.037475586,-0.154296875
-1.000854492,-0.053833008,-0.185058594
-1.00769043,-0.054321289,-0.158325195
-0.971923828,-0.032714844,-0.135864258
-1.018676758,-0.042114258,-0.177001953
-1.021362305,-0.043945313,-0.172851563
-0.984741211,-0.012084961,-0.140869141
-0.953491211,-0.058227539,-0.143920898
-0.98828125,-0.025512695,-0.15625
-0.978759766,-0.036254883,-0.176025391
-0.983886719,-0.047851563,-0.153686523
-0.955688477,-0.046630859,-0.12121582
-0.977172852,-0.049194336,-0.161865234
-0.991210938,-0.052734375,-0.138793945
-0.981323242,-0.032470703,-0.141601563
-0.986206055,-0.041259766,-0.135253906
-0.981933594,-0.051513672,-0.147583008
-1.014648438,-0.034179688,-0.152709961
-1.017700195,-0.089477539,-0.148925781
-0.968994141,-0.025024414,-0.12878418
-0.973999023,-0.075073242,-0.137451172
-0.976196289,-0.015625,-0.150024414
-0.991943359,-0.043457031,-0.13293457
-0.944702148,-0.049804688,-0.132446289
-0.996459961,-0.056030273,-0.137817383
-1.025512695,-0.050415039,-0.157104492
-0.987792969,-0.024902344,-0.128173828
-1.008789063,-0.028198242,-0.123046875
-1.001708984,-0.039428711,-0.153320313
-1.064453125,-0.023803711,-0.174316406
-1.018676758,-0.016723633,-0.145263672
-1.004638672,-0.03515625,-0.141723633
-1.008300781,-0.027587891,-0.153930664
-1.013183594,-0.030517578,-0.157226563
-0.997558594,-0.019165039,-0.147583008
-0.981933594,-0.025024414,-0.116088867
-0.974975586,-0.015136719,-0.114746094
-0.993530273,-0.041870117,-0.142456055
-0.991821289,-0.028198242,-0.139526367
-0.939208984,-0.016967773,-0.097290039
-0.946411133,-0.044433594,-0.116333008
-0.958374023,-0.066650391,-0.140258789
-0.926879883,-0.047607422,-0.110961914
-0.922729492,-0.028198242,-0.104003906
-0.96105957,-0.079223633,-0.133666992
-0.987792969,-0.044067383,-0.147949219
-1.006103516,-0.114379883,-0.159179688
-0.957397461,-0.039306641,-0.119384766
-0.959472656,-0.08190918,-0.134399414
-1.017456055,-0.098266602,-0.184814453
-1.005615234,0.010498047,-0.147460938
-0.956176758,-0.018798828,-0.128051758
-0.946289063,-0.087890625,-0.125976563
-1.023803711,-0.032470703,-0.205688477
-1.074951172,-0.034423828,-0.17956543
-0.988037109,-0.057983398,-0.127563477
-0.939819336,-0.023925781,-0.134399414
-1.041503906,0.010498047,-0.185791016
-1.057250977,-0.06262207,-0.208984375
-0.9921875,-0.022583008,-0.135498047
-0.926635742,-0.041625977,-0.09765625
-0.979736328,-0.071655273,-0.191772461
-1.042480469,-0.030029297,-0.166503906
-0.976196289,-0.051391602,-0.147094727
-0.931274414,-0.044433594,-0.118286133
-0.957641602,0.004638672,-0.13659668
-0.99621582,-0.032958984,-0.138427734
-0.946777344,-0.046630859,-0.133911133
-0.945678711,-0.056152344,-0.134643555
-0.986328125,-0.034545898,-0.17590332
-1.008300781,-0.025634766,-0.172973633
-1.005981445,-0.044311523,-0.153930664
-0.96862793,-0.052124023,-0.161010742
-0.981445313,-0.036376953,-0.140258789
-0.986328125,-0.028930664,-0.158203125
-1.005737305,-0.052612305,-0.177246094
-0.979003906,-0.026977539,-0.13659668
-0.930908203,-0.057617188,-0.128417969
-0.988647461,0.000366211,-0.177490234
-1.022460938,-0.039916992,-0.175415039
-0.963256836,-0.042236328,-0.143676758
-0.963134766,-0.036621094,-0.134521484
-1.002807617,-0.036499023,-0.168212891
-0.998168945,-0.002563477,-0.16394043
-0.999145508,-0.005249023,-0.159301758
-0.971435547,-0.047851563,-0.161254883
-0.968139648,-0.022338867,-0.148803711
-0.997436523,-0.015014648,-0.168579102
-1.033691406,-0.028930664,-0.169555664
-0.996704102,-0.023803711,-0.148803711
-0.979980469,-0.013793945,-0.156616211
-0.980224609,-0.03918457,-0.150146484
-1.021362305,-0.045654297,-0.153808594
-0.975585938,-0.047241211,-0.14453125
-0.951660156,-0.012695313,-0.144897461
-1.006225586,-0.007446289,-0.186645508
-1.027954102,-0.009277344,-0.181762695
-0.974609375,-0.038696289,-0.146972656
-0.968261719,-0.018920898,-0.150146484
-1.014282227,-0.029174805,-0.171630859
-1.004516602,-0.070068359,-0.161010742
-0.942993164,-0.037475586,-0.129638672
-0.952392578,-0.013427734,-0.147949219
-0.989624023,-0.061401367,-0.162597656
-0.967285156,-0.058105469,-0.141967773
-0.917480469,-0.038574219,-0.123535156
-0.95690918,-0.028320313,-0.167480469
-1.00378418,-0.069091797,-0.165771484
-0.955444336,-0.051391602,-0.14440918
-0.977294922,-0.055908203,-0.144287109
-0.996582031,-0.061767578,-0.176391602
-1.009033203,-0.014038086,-0.160766602
-0.996582031,-0.055419922,-0.154541016
-0.98840332,-0.065551758,-0.157226563
-0.987548828,-0.041137695,-0.171142578
-1.018554688,-0.03527832,-0.175292969
-0.966064453,-0.048095703,-0.144287109
-0.98059082,-0.037719727,-0.156005859
-1.003051758,-0.053344727,-0.181396484
-0.9921875,-0.013061523,-0.14831543
-0.951538086,-0.042358398,-0.135742188
-0.972045898,-0.031738281,-0.166625977
-0.992797852,-0.069335938,-0.175292969
-0.968139648,-0.012573242,-0.145141602
-0.978637695,-0.053222656,-0.149169922
-0.991577148,-0.040405273,-0.164428711
-0.98828125,-0.034423828,-0.172973633
-0.96862793,-0.043334961,-0.141845703
-0.98425293,-0.060913086,-0.146240234
-1.002319336,-0.027954102,-0.163085938
-0.998657227,-0.064208984,-0.168212891
-0.98828125,-0.017944336,-0.156860352
-0.984741211,-0.065307617,-0.157226563
-1.020996094,-0.030395508,-0.148925781
-1.003662109,-0.052001953,-0.16418457
-0.986450195,-0.077392578,-0.150390625
-0.971435547,-0.099853516,-0.146118164
-0.981079102,-0.094970703,-0.149536133
-0.975830078,-0.093994141,-0.148803711
-0.951049805,-0.048828125,-0.122314453
-0.982543945,-0.037109375,-0.152954102
-0.995727539,0.00793457,-0.178466797
-0.978027344,-0.038085938,-0.142333984
-0.97253418,0.000732422,-0.154907227
-1.020019531,0.006347656,-0.166625977
-1.005615234,-0.043701172,-0.163696289
-0.943969727,-0.021484375,-0.112548828
-0.959594727,-0.041137695,-0.126098633
-1.001098633,-0.049926758,-0.161865234
-0.982788086,-0.060424805,-0.155151367
-0.985229492,-0.055053711,-0.142333984
-0.970458984,-0.055786133,-0.150146484
-0.994262695,-0.048583984,-0.176879883
-0.98828125,-0.069458008,-0.145385742
-0.951171875,-0.068481445,-0.142456055
-0.973754883,-0.035522461,-0.164916992
-1.003662109,-0.028564453,-0.180786133
-0.975952148,-0.041259766,-0.15222168
-0.953369141,-0.061401367,-0.153930664
-1.013183594,-0.043823242,-0.162597656
-0.985961914,-0.10144043,-0.173461914
-0.962768555,-0.040161133,-0.132446289
-0.939941406,-0.111816406,-0.151489258
-0.975219727,-0.036743164,-0.149047852
-0.978637695,-0.082275391,-0.172119141
-0.946655273,-0.060546875,-0.136352539
-0.9375,-0.02331543,-0.163085938
-1.021850586,-0.081420898,-0.193237305
-0.980224609,-0.053100586,-0.157348633
-0.975830078,-0.078979492,-0.115600586
-0.956787109,-0.032714844,-0.169189453
-1.008422852,-0.057739258,-0.17956543
-0.967773438,-0.0390625,-0.147827148
-0.948974609,-0.07434082,-0.143188477
-0.951660156,-0.041625977,-0.147583008
-0.977661133,-0.075195313,-0.174316406
-1.003051758,-0.030883789,-0.153198242
-1.016479492,-0.057617188,-0.176635742
-0.982177734,-0.053833008,-0.123413086
-1.023193359,-0.03503418,-0.172607422
-1.067382813,-0.113891602,-0.202026367
-1.001586914,-0.03515625,-0.139160156
-0.943603516,-0.072509766,-0.131591797
-1.026855469,-0.081054688,-0.204223633
-1.023803711,-0.08972168,-0.156616211
-0.994873047,-0.032348633,-0.129272461
-0.950561523,-0.078857422,-0.121826172
-1.00402832,-0.018676758,-0.15637207
-1.035766602,-0.088745117,-0.168334961
-0.986816406,-0.075195313,-0.131958008
-0.997070313,-0.061523438,-0.147460938
-1.016967773,-0.050170898,-0.165771484
-0.994873047,-0.068481445,-0.139038086
-0.973999023,0.000366211,-0.124633789
-0.944580078,-0.032714844,-0.101074219
-0.962524414,-0.072509766,-0.175537109
-1.012207031,0.001464844,-0.171142578
-0.958740234,-0.044555664,-0.088012695
-0.908203125,-0.057617188,-0.127685547
-1.013183594,-0.03527832,-0.185791016
-1.027709961,-0.040039063,-0.165771484
-0.932495117,-0.028198242,-0.114990234
-0.914916992,-0.004272461,-0.131225586
-0.99621582,-0.047851563,-0.151000977
-1.030029297,-0.034912109,-0.159423828
-0.992919922,-0.060913086,-0.129394531
-0.973022461,-0.014404297,-0.158081055
-1.01171875,-0.001464844,-0.178222656
-1.063110352,-0.104492188,-0.182861328
-0.967529297,-0.045898438,-0.105224609
-0.936035156,-0.049194336,-0.111572266
-0.99230957,-0.037841797,-0.151733398
-1.04296875,-0.045776367,-0.173583984
-0.989624023,-0.059448242,-0.136474609
-0.927734375,-0.042236328,-0.125854492
-1.018432617,-0.034790039,-0.185302734
-1.033447266,-0.060668945,-0.170898438
-0.947875977,-0.039550781,-0.121948242
-0.935546875,-0.01940918,-0.105712891
-1.012207031,-0.047485352,-0.213867188
-1.068725586,-0.024658203,-0.188720703
-0.969360352,-0.0625,-0.13684082
-0.976196289,-0.054199219,-0.144775391
-1.034423828,-0.04296875,-0.180908203
-1.01184082,-0.02722168,-0.15246582
-0.931518555,-0.040771484,-0.123535156
-0.947509766,-0.024658203,-0.150512695
-0.994995117,-0.044677734,-0.181640625
-0.985839844,-0.031860352,-0.148681641
-0.921630859,-0.05859375,-0.139038086
-0.977050781,-0.068969727,-0.14440918
-0.997680664,-0.061401367,-0.156982422
-0.967529297,-0.05456543,-0.143432617
-0.943359375,-0.071289063,-0.166015625
-0.992553711,-0.073364258,-0.166992188
-1.004638672,-0.077636719,-0.187133789
-0.976806641,-0.035766602,-0.143920898
-0.973510742,-0.074462891,-0.147216797
-1.013793945,-0.08190918,-0.197265625
-1.002563477,-0.054321289,-0.143432617
-0.942749023,-0.075683594,-0.125
-0.953491211,-0.055908203,-0.177246094
-1.017333984,-0.051635742,-0.182495117
-0.974853516,-0.072265625,-0.151000977
-0.937866211,-0.057861328,-0.142822266
-0.979980469,-0.060546875,-0.171508789
-1.004638672,-0.060668945,-0.172973633
-0.970581055,-0.05065918,-0.136230469
-0.950195313,-0.071777344,-0.159301758
-1.004272461,-0.043945313,-0.196899414
-1.006103516,-0.042114258,-0.173828125
-0.954833984,-0.04309082,-0.134033203
-0.966674805,-0.081787109,-0.177246094
-1.014038086,-0.034667969,-0.173461914
-0.993774414,-0.057739258,-0.155395508
-0.965576172,-0.072998047,-0.151489258
-0.991455078,-0.047485352,-0.174804688
-1.017578125,-0.050537109,-0.181152344
-0.977539063,-0.060791016,-0.150024414
-0.959838867,-0.04675293,-0.140136719
-0.972045898,-0.047973633,-0.161621094
-0.979492188,-0.061157227,-0.158935547
-0.954101563,-0.052612305,-0.135864258
-0.969726563,-0.078857422,-0.168701172
-0.99987793,-0.031494141,-0.161376953
-0.992919922,-0.026611328,-0.162963867
-0.967651367,-0.069702148,-0.158691406
-0.982421875,-0.050292969,-0.153808594
-1.002563477,-0.057983398,-0.161865234
-0.991699219,-0.073730469,-0.150146484
-0.965087891,-0.033935547,-0.147460938
-0.987426758,-0.07043457,-0.172729492
-1.000488281,-0.053100586,-0.160888672
-0.974731445,-0.039916992,-0.155639648
-0.97277832,-0.056030273,-0.158447266
-0.985351563,-0.060424805,-0.14855957
-0.987915039,-0.036132813,-0.164916992
-0.964233398,-0.091186523,-0.146850586
-0.969848633,-0.038085938,-0.145629883
-0.996337891,-0.047363281,-0.161376953
-0.989746094,-0.054077148,-0.156860352
-0.968994141,-0.0546875,-0.145141602
-0.963012695,-0.037109375,-0.149291992
-1.008544922,-0.071655273,-0.153808594
-0.976074219,-0.022583008,-0.131835938
-0.966674805,-0.046386719,-0.134399414
-1.011352539,-0.088867188,-0.188964844
-1.013427734,-0.010009766,-0.162109375
-0.984375,-0.033935547,-0.139038086
-0.966918945,-0.056274414,-0.118164063
-1.001953125,-0.043334961,-0.14050293
-0.995605469,-0.032104492,-0.164672852
-0.967163086,-0.075805664,-0.146972656
-0.98815918,-0.034667969,-0.143188477
-1.000976563,-0.064575195,-0.118408203
-0.968505859,-0.055419922,-0.107055664
-0.998413086,-0.040527344,-0.122558594
-0.985229492,-0.046630859,-0.138549805
-1.003417969,-0.07409668,-0.138061523
-0.959838867,-0.041381836,-0.105224609
-0.987548828,-0.033081055,-0.127685547
-0.970947266,-0.073608398,-0.140380859
-0.975708008,-0.037109375,-0.072265625
-0.887084961,-0.059326172,-0.069580078
-1.002929688,-0.046508789,-0.132324219
-1.030029297,-0.072509766,-0.112060547
-0.95324707,-0.008789063,-0.081787109
-1.035522461,-0.080078125,-0.158203125
-1.127685547,-0.042724609,-0.162353516
-1.011474609,-0.075317383,-0.067138672
-1.013793945,-0.033813477,-0.130249023
-1.102905273,-0.083251953,-0.163818359
-0.982421875,-0.00793457,-0.084838867
-0.927490234,-0.07043457,-0.087402344
-0.936401367,0.003295898,-0.098999023
-0.978271484,-0.083251953,-0.126220703
-0.910766602,-0.063232422,-0.046142578
-0.891113281,-0.046386719,-0.067382813
-1.010375977,-0.055908203,-0.139770508
-1.03125,-0.090087891,-0.108764648
-0.98034668,-0.002319336,-0.057373047
-0.986694336,-0.1015625,-0.11706543
-1.097167969,0.021484375,-0.16003418
-0.986572266,-0.081787109,-0.084716797
-0.98828125,-0.03527832,-0.122436523
-1.052001953,-0.016723633,-0.156494141
-1.084594727,0.034790039,-0.114135742
-0.955932617,-0.075073242,-0.093505859
-0.950439453,-0.026000977,-0.099365234
-1.052490234,-0.011962891,-0.1640625
-0.982788086,-0.044799805,-0.10559082
-0.874023438,-0.049194336,-0.084960938
-0.916381836,-0.029541016,-0.112792969
-1.013427734,0.016723633,-0.138427734
-0.995239258,-0.106201172,-0.107788086
-0.948730469,-0.081787109,-0.08203125
-0.989624023,-0.02355957,-0.153564453
-1.038452148,-0.068847656,-0.207641602
-0.983154297,-0.012207031,-0.114868164
-0.927612305,-0.047119141,-0.112548828
-0.943603516,-0.072509766,-0.130004883
-1.005737305,-0.025024414,-0.152587891
-1.01940918,-0.037353516,-0.149780273
-1.024047852,-0.032470703,-0.157226563
-1.052612305,-0.039672852,-0.169921875
-1.027709961,-0.02355957,-0.145141602
-0.99609375,-0.047973633,-0.141113281
-1.036010742,-0.06640625,-0.167236328
-0.998535156,-0.012573242,-0.163085938
-0.943725586,-0.077758789,-0.112426758
-0.931396484,-0.064575195,-0.126953125
-0.990356445,-0.00012207,-0.158813477
-1.007568359,-0.035644531,-0.142578125
-0.961425781,-0.046875,-0.131713867
-0.974853516,-0.070556641,-0.156494141
-0.993896484,-0.034423828,-0.133056641
-1.004272461,-0.007080078,-0.155761719
-0.972900391,-0.030029297,-0.141967773
-0.987670898,-0.055175781,-0.161621094
-0.995483398,-0.011108398,-0.136230469
-0.936157227,-0.068237305,-0.126464844
-0.94543457,-0.007080078,-0.115600586
-0.968261719,-0.060180664,-0.16796875
-0.993652344,-0.030883789,-0.178955078
-0.986816406,-0.039306641,-0.143188477
-0.945068359,-0.050170898,-0.141357422
-0.995849609,-0.013793945,-0.134155273
-0.981201172,-0.059448242,-0.167480469
-0.970825195,-0.020263672,-0.167236328
-0.982788086,-0.062011719,-0.152954102
-1.010864258,-0.010742188,-0.154541016
-0.994262695,-0.03503418,-0.14050293
-0.969848633,-0.062011719,-0.125488281
-0.978881836,-0.027709961,-0.166870117
-1.023193359,-0.049316406,-0.1953125
-0.999023438,-0.025878906,-0.128295898
-0.934814453,-0.009033203,-0.121704102
-0.986938477,-0.060180664,-0.16784668
-1.010986328,-0.037963867,-0.169311523
-0.97277832,-0.059692383,-0.145019531
-0.955932617,0.009033203,-0.145996094
-1.012084961,-0.033325195,-0.190185547
-1.029296875,-0.028076172,-0.147216797
-0.935302734,-0.032470703,-0.142456055
-0.960083008,-0.023193359,-0.147216797
-1.010375977,-0.041992188,-0.187011719
-0.959716797,-0.030883789,-0.13269043
-0.939819336,-0.060546875,-0.131469727
-0.968383789,-0.031616211,-0.177246094
-1.022583008,-0.026123047,-0.163208008
-0.950683594,-0.091674805,-0.140014648
-0.917480469,-0.020874023,-0.126953125
-0.947021484,-0.090576172,-0.166992188
-1.01965332,-0.047119141,-0.180541992
-0.979736328,-0.042236328,-0.133911133
-0.966064453,-0.01953125,-0.159667969
-1.023071289,-0.003173828,-0.19519043
-1.040893555,0.001953125,-0.173339844
-1.01184082,-0.032226563,-0.167724609
-0.971557617,-0.015014648,-0.146118164
-0.97644043,-0.026611328,-0.175537109
-0.999511719,-0.025390625,-0.169677734
-0.975219727,-0.005126953,-0.151977539
-0.976196289,-0.007324219,-0.181152344
-0.978393555,-0.030517578,-0.182373047
-0.988037109,-0.037841797,-0.153930664
-0.982055664,-0.054321289,-0.157226563
-0.986816406,-0.030761719,-0.164428711
-1.011230469,-0.051147461,-0.166748047
-0.996582031,-0.039428711,-0.177734375
-0.973388672,-0.049926758,-0.129882813
-0.961914063,-0.083129883,-0.16394043
-1.001220703,-0.075195313,-0.191772461
-1.006591797,-0.000244141,-0.168945313
-0.960205078,-0.03515625,-0.138061523
-0.95703125,-0.051635742,-0.12890625
-1.025634766,-0.036987305,-0.213623047
-1.030273438,-0.075195313,-0.154052734
-0.962280273,-0.062133789,-0.132568359
-0.999755859,-0.039672852,-0.188232422
-1.055053711,-0.028320313,-0.188720703
-1.026123047,-0.048095703,-0.155517578
-0.943237305,-0.024291992,-0.137084961
-0.954589844,-0.012695313,-0.168212891
-0.974609375,-0.022094727,-0.167358398
-0.962280273,-0.033203125,-0.120849609
-0.885375977,-0.035644531,-0.094604492
-0.942993164,-0.027587891,-0.149658203
-0.997070313,-0.065551758,-0.198242188
-0.977294922,-0.003173828,-0.115600586
-0.929321289,-0.008056641,-0.105102539
-0.989501953,-0.063598633,-0.196289063
-1.048706055,-0.039672852,-0.163818359
-0.986328125,-0.010009766,-0.125854492
-0.971069336,-0.025146484,-0.152709961
-1.057739258,-0.040039063,-0.162231445
-0.986694336,-0.037353516,-0.142822266
-0.986083984,-0.016357422,-0.14465332
-0.954711914,-0.029907227,-0.129882813
-1.009521484,-0.004272461,-0.137695313
-0.989746094,-0.074707031,-0.142822266
-0.980224609,-0.069580078,-0.166870117
-1.054931641,-0.056152344,-0.162353516
-1.016479492,-0.028930664,-0.137329102
-0.97265625,-0.081298828,-0.076538086
-0.939697266,-0.025024414,-0.11328125
-1.020019531,-0.051757813,-0.181762695
-0.987304688,-0.040893555,-0.108886719
-0.977905273,-0.054199219,-0.137939453
-0.991821289,-0.041381836,-0.104003906
-1.026123047,-0.057373047,-0.129760742
-1.036010742,0.012695313,-0.105957031
-0.969360352,-0.038330078,-0.164916992
-1.028564453,0.023681641,-0.149780273
-1.014038086,-0.076293945,-0.099243164
-0.921142578,-0.024047852,-0.110961914
-0.953979492,-0.012817383,-0.119995117
-1.040527344,-0.019897461,-0.171020508
-0.939819336,-0.080078125,-0.137451172
-0.920776367,-0.006958008,-0.09375
-1.003540039,-0.033935547,-0.213989258
-1.028076172,-0.107788086,-0.111816406
-0.884155273,-0.012329102,-0.03918457
-0.908447266,-0.088256836,-0.106933594
-1.089233398,-0.051513672,-0.211669922
-0.996582031,-0.065185547,-0.101196289
-0.890869141,-0.038330078,-0.111694336
-1.065673828,-0.016723633,-0.283081055
-1.155273438,-0.101928711,-0.159301758
-0.875610352,-0.018920898,-0.048583984
-0.935302734,-0.010253906,-0.134521484
-1.093505859,-0.097167969,-0.241577148
-1.020141602,-0.027587891,-0.137695313
-0.878540039,-0.001586914,-0.099487305
-0.987304688,-0.108398438,-0.21105957
-1.077392578,-0.044067383,-0.188842773
-0.939575195,-0.005371094,-0.09753418
-0.895019531,-0.066650391,-0.159790039
-0.9921875,-0.037963867,-0.200317383
-1.048339844,-0.056030273,-0.20690918
-0.94128418,-0.054931641,-0.138183594
-0.889038086,-0.060424805,-0.133911133
-0.969360352,-0.022705078,-0.183837891
-1.052124023,-0.068359375,-0.17956543
-0.957519531,-0.016723633,-0.141845703
-0.907592773,-0.073852539,-0.151123047
-0.98046875,-0.057128906,-0.193237305
-1.023193359,-0.030883789,-0.188354492
-0.959960938,-0.060668945,-0.151611328
-0.896728516,-0.029785156,-0.151489258
-0.965698242,-0.056762695,-0.199951172
-1.026367188,-0.073242188,-0.213500977
-0.95690918,-0.051147461,-0.170166016
-0.947021484,-0.048950195,-0.14050293
-0.973754883,-0.046142578,-0.185180664
-1.012329102,-0.053100586,-0.203491211
-1.002807617,-0.06640625,-0.168945313
-0.984375,-0.041015625,-0.1875
-1.000610352,-0.067138672,-0.195800781
-1.016967773,-0.06628418,-0.194946289
-0.991455078,-0.040283203,-0.172973633
-0.968994141,-0.04284668,-0.156005859
-0.963378906,-0.051025391,-0.176391602
-0.99230957,-0.046264648,-0.198974609
-0.963500977,-0.047607422,-0.171264648
-0.947143555,-0.043701172,-0.142578125
-0.975708008,-0.044555664,-0.188598633
-0.998535156,-0.066894531,-0.19519043
-1,-0.037109375,-0.152587891
-0.970581055,-0.036010742,-0.182128906
-0.982421875,-0.044067383,-0.182617188
-1.000610352,-0.048583984,-0.174560547
-0.973022461,-0.053955078,-0.156738281
-0.93371582,-0.049316406,-0.138427734
-0.980712891,-0.046875,-0.19128418
-1.010742188,-0.040649414,-0.200073242
-0.989868164,-0.045043945,-0.17590332
-0.962890625,-0.026245117,-0.165283203
-0.98828125,-0.050537109,-0.176757813
-1.006591797,-0.047241211,-0.187744141
-0.996459961,-0.040039063,-0.159912109
-0.956298828,-0.081176758,-0.157958984
-0.993408203,-0.058349609,-0.17956543
-1.036132813,-0.041870117,-0.17980957
-0.982666016,-0.066772461,-0.177978516
-0.969238281,-0.03125,-0.16418457
-0.99609375,-0.052856445,-0.204956055
-1.026611328,-0.032958984,-0.196166992
-0.965087891,-0.030639648,-0.14855957
-0.934326172,-0.038696289,-0.16027832
-0.982421875,-0.030517578,-0.190551758
-0.987915039,-0.018798828,-0.168701172
-0.928344727,-0.028930664,-0.133056641
-0.950805664,-0.04296875,-0.180664063
-1.030639648,-0.038696289,-0.200073242
-0.972290039,-0.026000977,-0.172119141
-0.945922852,-0.01965332,-0.155761719
-0.980834961,-0.055786133,-0.180297852
-1.013793945,-0.013549805,-0.191040039
-0.972045898,-0.044921875,-0.1484375
-0.942871094,-0.039428711,-0.157592773
-0.998291016,-0.0546875,-0.205444336
-1.015136719,-0.053588867,-0.193847656
-0.953735352,-0.03125,-0.149414063
-0.957519531,-0.04699707,-0.17578125
-1.017456055,-0.029052734,-0.197265625
-0.990722656,-0.031982422,-0.174316406
-0.960571289,-0.068847656,-0.163696289
-0.975097656,-0.038574219,-0.173461914
-1.007080078,-0.060302734,-0.184570313
-0.973266602,-0.048217773,-0.167236328
-0.969482422,-0.034423828,-0.168212891
-0.975952148,-0.03112793,-0.181030273
-1.010742188,-0.049560547,-0.189086914
-0.970825195,-0.056152344,-0.153686523
-0.963623047,-0.043212891,-0.170288086
-0.999267578,-0.040283203,-0.201904297
-1.018554688,-0.050415039,-0.189086914
-0.979614258,-0.028442383,-0.157958984
-0.96875,-0.052734375,-0.165283203
-1.017578125,-0.038574219,-0.18371582
-0.995849609,-0.05847168,-0.173461914
-0.958251953,-0.047485352,-0.144775391
-0.972900391,-0.049438477,-0.174194336
-0.999023438,-0.050048828,-0.189086914
-0.946655273,-0.039306641,-0.131591797
-0.949951172,-0.016967773,-0.161254883
-0.985473633,-0.054321289,-0.196899414
-0.974853516,-0.045776367,-0.14855957
-0.937866211,-0.024780273,-0.13671875
-0.985717773,-0.07421875,-0.193725586
-0.992675781,-0.047729492,-0.172119141
-0.947143555,-0.042724609,-0.135498047
-0.963378906,-0.048339844,-0.172363281
-1.01574707,-0.065673828,-0.200195313
-0.993408203,-0.041503906,-0.157958984
-0.957763672,-0.057495117,-0.166748047
-0.990722656,-0.05480957,-0.192749023
-1.01184082,-0.021606445,-0.180053711
-0.960083008,-0.058837891,-0.128540039
-0.940307617,-0.060058594,-0.170410156
-1.006958008,-0.028686523,-0.210083008
-1.037353516,-0.025024414,-0.155517578
-0.956176758,-0.047241211,-0.168579102
-0.983032227,-0.04309082,-0.175415039
-1.047363281,-0.036132813,-0.190917969
-1.002563477,-0.056152344,-0.165161133
-0.979370117,-0.024536133,-0.171630859
-1.009521484,-0.060180664,-0.210327148
-1.04284668,-0.058227539,-0.194458008
-0.957275391,-0.074462891,-0.134521484
-0.957275391,-0.045043945,-0.12878418
-0.968383789,-0.080688477,-0.164550781
-0.935791016,-0.100830078,-0.141601563
-0.910400391,-0.036376953,-0.105834961
-0.923095703,-0.078735352,-0.154174805
-0.989624023,-0.068237305,-0.18359375
-0.957275391,-0.067626953,-0.111083984
-0.951538086,-0.103027344,-0.151000977
-1.057128906,-0.060546875,-0.229492188
-1.044555664,-0.084472656,-0.160522461
-0.938110352,-0.02355957,-0.116333008
-1.001464844,-0.047241211,-0.226806641
-1.117919922,-0.059448242,-0.198852539
-0.926025391,-0.049438477,-0.12902832
-1.00378418,-0.024291992,-0.16394043
-1.032226563,-0.049194336,-0.224975586
-1.020019531,-0.017944336,-0.140625
-0.940551758,-0.059448242,-0.155395508
-1.020385742,-0.000610352,-0.20300293
-1.019287109,-0.016601563,-0.185791016
-0.920776367,-0.036865234,-0.106933594
-0.981689453,-0.023193359,-0.190307617
-1.049560547,-0.072265625,-0.198974609
-0.96862793,-0.07421875,-0.116333008
-0.930786133,-0.081176758,-0.122558594
-1.000854492,-0.025146484,-0.195556641
-0.972412109,-0.119262695,-0.13684082
-0.954956055,-0.059814453,-0.183349609
-1.005859375,-0.090332031,-0.168823242
-0.982177734,-0.156005859,-0.159667969
-0.913696289,-0.09387207,-0.115234375
-0.95690918,-0.107788086,-0.168579102
-1.01574707,-0.116088867,-0.204956055
-0.934692383,-0.070922852,-0.159301758
-0.916748047,-0.076171875,-0.162109375
-1.029296875,-0.093017578,-0.222900391
-0.998535156,-0.126220703,-0.178344727
-0.874755859,0.008911133,-0.134277344
-0.984008789,-0.056640625,-0.208129883
-1.050415039,-0.122436523,-0.258422852
-0.976318359,-0.070068359,-0.167358398
-0.932006836,-0.040405273,-0.194213867
-1.003295898,-0.060058594,-0.246337891
-0.991455078,-0.09375,-0.203735352
-0.920043945,-0.086791992,-0.185180664
-0.925048828,-0.040405273,-0.194458008
-1.008789063,-0.096679688,-0.245849609
-0.959716797,-0.052734375,-0.192504883
-0.891479492,-0.074951172,-0.163208008
-0.929321289,-0.069946289,-0.203979492
-1.010986328,-0.032104492,-0.246337891
-0.970214844,-0.075439453,-0.186401367
-0.911376953,-0.052856445,-0.188476563
-1.008666992,-0.057006836,-0.253540039
-1.021118164,-0.057250977,-0.224243164
-0.955932617,-0.037109375,-0.192016602
-0.969360352,-0.102905273,-0.233520508
-1.025268555,-0.055786133,-0.255126953
-1.010620117,-0.043457031,-0.224731445
-0.958251953,-0.049682617,-0.190429688
-0.969482422,-0.076538086,-0.228637695
-0.990478516,-0.060546875,-0.229736328
-0.976806641,-0.047363281,-0.198730469
-0.925537109,-0.041625977,-0.18737793
-0.956054688,-0.052490234,-0.191772461
-0.944335938,-0.054443359,-0.184326172
-0.936035156,-0.046875,-0.234130859
-0.965698242,-0.078491211,-0.216064453
-0.959838867,-0.092163086,-0.206176758
-0.957275391,-0.0625,-0.218505859
-0.961181641,-0.064941406,-0.20715332
-0.947753906,-0.048950195,-0.190185547
-0.94519043,-0.098266602,-0.212646484
-0.969238281,-0.059204102,-0.213867188
-0.967285156,-0.074951172,-0.217773438
-0.954833984,-0.038696289,-0.217895508
-0.977783203,-0.102539063,-0.234130859
-1.014770508,-0.069946289,-0.220581055
-0.989257813,-0.052246094,-0.221801758
-0.981323242,-0.116699219,-0.229370117
-1.000976563,-0.0390625,-0.242553711
-1.013061523,-0.079345703,-0.233398438
-1.009399414,-0.040039063,-0.231689453
-1.014404297,-0.04309082,-0.234863281
-0.971923828,-0.069580078,-0.218139648
-0.963012695,-0.065673828,-0.221923828
-0.971679688,-0.051025391,-0.200439453
-0.953125,-0.045776367,-0.206054688
-0.989501953,-0.067016602,-0.236083984
-1.003173828,-0.044799805,-0.225830078
-0.976074219,-0.064941406,-0.209594727
-0.962280273,-0.079956055,-0.233764648
-1.027954102,-0.05078125,-0.259033203
-1.011474609,-0.052124023,-0.237060547
-0.958984375,-0.051391602,-0.205932617
-0.973388672,-0.088256836,-0.229492188
-1.010009766,-0.090454102,-0.251831055
-1.013671875,-0.060913086,-0.239501953
-1.000244141,-0.060668945,-0.255859375
-1.032104492,-0.090942383,-0.28894043
-1.048095703,-0.062133789,-0.307861328
-1.051879883,-0.022949219,-0.292724609
0.39050293,-0.317871094,-0.358642578
0.530761719,-0.467041016,-0.121948242
0.889038086,-0.494384766,0.058105469
1.075439453,-0.036132813,-0.083374023
0.997070313,0.269165039,-0.347290039
-0.057373047,0.346313477,-0.091796875
-0.624755859,0.409667969,0.031738281
-0.290893555,0.401000977,0.079345703
-0.336425781,-0.393554688,-0.260864258
-0.692993164,-0.315917969,-1.998413086
-1.119506836,0.347045898,-1.898193359
-1.100830078,0.565551758,-1.390625
-1.416748047,0.290527344,-1.66784668
-1.055297852,-1.160522461,-1.999938965
-1.999938965,-2,-1.999938965
-1.536132813,-2,-1.870849609
-1.091918945,-0.985717773,-1.057617188
-0.371337891,0.037841797,0.057006836
0.112670898,0.311523438,0.681396484
0.431762695,-0.219482422,-0.090087891
0.188842773,-0.660400391,-0.232910156
0.121337891,-0.362792969,0.512084961
0.213989258,0.069702148,0.764648438
0.464233398,0.203735352,0.899780273
1.702514648,0.291503906,0.02331543
0.957519531,0.082885742,-0.578369141
-0.164916992,-0.57409668,-0.614746094
-0.993774414,-0.515136719,-0.278564453
-1.190185547,-0.427368164,-0.037597656
-0.41015625,0.244140625,-1.296630859
-0.643676758,-0.256591797,-0.338378906
-0.609008789,0.671875,-0.940551758
-0.934936523,0.713256836,-1.999938965
-1.953125,-0.526733398,-1.999938965
-1.999938965,-1.653320313,-1.999938965
-1.999938965,-1.943969727,-1.999938965
-1.493774414,-2,-1.648803711
-0.648681641,-0.971801758,-0.428588867
-0.481689453,0.348754883,0.093383789
-0.816162109,1.37097168,0.521850586
-0.944702148,1.62878418,-0.003051758
-0.658203125,-0.397827148,-0.15222168
0.101318359,-1.263671875,0.23034668
0.635009766,-0.634521484,0.411987305
0.503051758,-0.120605469,0.449584961
0.83190918,-0.162109375,0.158813477
0.990722656,-0.252685547,-0.12097168
1.232543945,-0.152954102,0.542724609
-2,0.090820313,0.118041992
-2,0.206542969,0.060424805
0.274536133,0.044433594,0.342163086
-0.471191406,-0.223266602,0.409301758
-1.002197266,-0.128662109,0.239868164
-1.525268555,-0.588134766,-0.227416992
-0.483398438,0.015014648,-0.463500977
0.479003906,-1.828613281,0.028808594
-0.591552734,-1.604003906,-1.419311523
-1.999938965,1.999938965,-1.999938965
-1.999938965,1.999938965,-1.952392578
-1.999938965,-2,-1.686767578
-1.999938965,-2,-1.999938965
-1.880493164,-1.495605469,-1.279663086
-0.518432617,-0.612182617,-1.395385742
-0.674194336,-0.145874023,0.085693359
-0.447998047,-0.137329102,0.725463867
-0.406005859,0.933959961,0.745239258
-0.15637207,0.596313477,0.189331055
-0.214355469,-0.23034668,0.505126953
0.099609375,0.406494141,0.989746094
1.373046875,0.70703125,0.612548828
1.644897461,1.128662109,-0.454589844
-0.091186523,0.630493164,-0.727539063
-0.031860352,0.373657227,-1.043457031
0.720214844,0.528442383,-1.174438477
0.656982422,0.385620117,-1.124389648
0.072143555,-0.310058594,-0.6328125
-0.469116211,-0.771606445,-0.545043945
-0.932983398,-0.363037109,-0.405151367
-1.128540039,-0.651855469,-0.861938477
-1.251586914,-0.659545898,-0.275878906
-0.548706055,-1.353149414,-0.3203125
-0.60559082,-1.640991211,-0.434814453
-1.147583008,-0.870849609,-1.301269531
-1.600708008,-0.552612305,-0.801391602
-1.481323242,0.16394043,-1.999938965
-1.16015625,0.669799805,-1.999938965
-1.972900391,0.516845703,-1.999938965
-1.145019531,-0.684448242,-1.262207031
-0.806884766,-0.275024414,1.939453125
0.006835938,-1.129638672,-0.572021484
0.031738281,-0.58605957,-0.552368164
0.321655273,1.306640625,0.562011719
1.013549805,0.782470703,1.169189453
-2,0.865844727,0.825073242
-2,0.396850586,0.247802734
-2,-0.354003906,-0.864868164
1.602294922,-0.229858398,-0.579345703
-0.575195313,-0.858520508,-0.926879883
-1.00402832,-0.157226563,-1.12121582
-1.236206055,-0.720703125,-0.923339844
-1.199707031,-0.51159668,-0.592651367
-0.916137695,-0.285644531,-0.510620117
-1.303100586,0.509887695,-0.934326172
-0.573852539,-1.486450195,-0.639526367
-0.175537109,-0.860595703,0.614868164
-0.59362793,-0.793701172,-1.185180664
-1.999938965,-0.211303711,-1.999938965
-1.999938965,-0.946899414,-1.999938965
-1.999938965,-1.899658203,-1.999938965
-1.340698242,0.098144531,0.415283203
-0.439208984,0.682617188,1.763793945
1.968139648,1.035766602,-0.952148438
1.986938477,1.619995117,-1.493041992
0.712890625,1.423217773,-0.68737793
0.74206543,0.457397461,0.076538086
1.255371094,-0.868530273,-0.239013672
0.364624023,-0.477172852,-0.271118164
-0.603637695,0.129638672,-0.299438477
-1.426147461,0.203735352,-0.19128418
-1.258300781,-0.409790039,-0.303588867
0.088745117,-0.743041992,-0.811645508
-0.172485352,0.982666016,-0.313476563
-0.71496582,0.025390625,0.486694336
-0.52734375,-2,-0.649658203
-1.049316406,-1.914916992,-1.390136719
-1.999938965,1.446533203,-1.999938965
-1.999938965,0.225708008,-1.999938965
-1.999938965,-1.51159668,-0.950683594
-1.216186523,0.137939453,0.98059082
0.746459961,0.259643555,0.603637695
1.992797852,0.696166992,-0.187255859
0.982421875,1.236572266,-0.536010742
0.100952148,1.999938965,-0.108398438
0.037597656,1.908935547,0.342285156
1.509521484,1.309814453,0.052612305
1.179931641,0.012207031,0.521728516
1.069702148,-0.155151367,0.012329102
-0.637939453,-0.826293945,-1.999938965
-0.464355469,-2,-1.999938965
-0.757446289,-2,-1.467651367
-1.141479492,-1.690673828,-0.395629883
0.21484375,-1.235351563,-0.333862305
-0.082641602,1.438598633,-1.999938965
-0.459228516,1.999938965,-1.999938965
-1.999938965,0.955932617,-1.600341797
-1.999938965,-0.314697266,0.574951172
-0.39074707,-1.025268555,1.118530273
1.231323242,-1.133300781,-0.474853516
1.252807617,0.726318359,-0.823120117
1.055419922,1.656616211,-0.450927734
1.71496582,0.610473633,-0.835449219
0.93762207,-0.413574219,-1.276977539
-0.456298828,-0.488037109,-0.914916992
-0.564697266,-0.269042969,-0.943725586
-0.494384766,-0.38671875,-0.444824219
-0.371582031,-0.756347656,-0.376586914
-0.160522461,-0.047607422,-0.006225586
-0.576782227,-0.006225586,-0.1171875
-0.331176758,-1.412841797,-0.600341797
-0.657104492,-1.776367188,-1.850341797
-1.508911133,0.980102539,-1.999938965
-1.999938965,1.615844727,-1.999938965
-0.693359375,0.317382813,-0.67199707
0.756103516,0.329223633,-0.326171875
0.531494141,0.233520508,-0.782470703
1.572875977,0.261962891,-1.217407227
1.461791992,-0.012207031,-1.03918457
0.517822266,0.200439453,-1.028442383
-0.539794922,-0.010131836,-0.547851563
-0.322753906,-0.207641602,-0.57421875
-0.268188477,-0.735107422,-0.487792969
-0.434570313,-0.645385742,-0.544799805
-0.377563477,0.081787109,-0.315551758
-0.647094727,-0.00793457,-0.749755859
-0.890136719,-0.903564453,-1.000488281
-0.787231445,-1.528808594,-0.943847656
-1.253417969,-0.38671875,-1.999938965
-1.752319336,0.428344727,-1.999938965
-1.6171875,1.061889648,-1.160400391
-0.181030273,-0.568359375,-0.098510742
0.840209961,0.351928711,0.373779297
1.123291016,0.284667969,-0.720703125
0.367431641,0.649536133,-0.96862793
0.911254883,0.615112305,-0.762207031
0.943481445,0.335449219,-0.655883789
0.770629883,0.313354492,-0.729736328
0.552001953,0.018432617,-0.592529297
0.02355957,0.465942383,-0.660522461
-0.486206055,0.467895508,-0.467407227
-1.062011719,0.126098633,-0.490356445
-1.206542969,1.147583008,-0.088378906
-1.999938965,1.287841797,-0.834594727
-1.999938965,-0.363647461,-0.070068359
-1.999938965,-2,-0.971069336
-1.999938965,-0.599975586,-1.999938965
-1.999938965,1.999938965,-1.706420898
-0.987548828,1.795776367,-0.622558594
-1.281738281,-1.89831543,0.396484375
-0.258178711,-2,0.579589844
1.425048828,-2,0.46862793
-2,-1.481567383,-0.458618164
1.073486328,-0.499267578,-0.522705078
0.178833008,-0.049682617,-0.495727539
0.268798828,-0.882202148,-0.732666016
0.069335938,-1.087280273,-0.502807617
-0.516113281,-0.740112305,-0.769287109
-0.889892578,-0.11706543,-0.21472168
-0.948242188,0.056884766,-0.388305664
-0.713378906,-0.230102539,-0.287109375
-0.08972168,0.127929688,-0.264282227
-0.266357422,-0.139770508,-1.007568359
-1.453125,-1.582885742,-1.999938965
-1.999938965,-0.662109375,-1.389282227
-1.999938965,1.04296875,-1.395263672
-1.999938965,0.171264648,-1.934936523
-1.575805664,1.17590332,-1.999938965
-0.274169922,1.210571289,-0.414794922
-0.16784668,-0.295043945,-0.130249023
-0.15637207,-0.861206055,0.187011719
0.592773438,-1.037963867,0.328491211
1.688354492,-1.313964844,0.365478516
-2,-0.471435547,-0.688476563
0.8671875,-0.370239258,-0.517700195
-0.312255859,-0.47668457,-0.352783203
0.076538086,-0.857421875,-0.658569336
0.388549805,-0.856079102,-0.616577148
-0.294921875,-0.805908203,-0.714599609
-0.723144531,-0.67175293,-0.9921875
-0.892822266,0.133789063,-0.643066406
-0.924438477,0.649902344,-0.439819336
-0.550292969,-0.236572266,-0.455200195
-0.343383789,-0.720214844,-0.228637695
-0.605224609,-0.916503906,0.060424805
-0.489257813,-1.458740234,-1.132080078
-1.821411133,-0.645263672,-1.999938965
-1.999938965,-0.604370117,-1.765625
-1.999938965,-0.883666992,-1.100830078
-1.473266602,-0.057373047,-1.999938965
-0.910888672,0.456176758,-1.627075195
-1.427856445,0.044433594,-0.921386719
-0.911743164,0.065795898,-0.126220703
-0.134399414,0.127197266,0.530883789
0.361083984,0.343505859,0.652709961
1.262329102,0.856689453,-0.168823242
0.7578125,1.999938965,-0.948608398
0.181640625,1.78112793,-0.973144531
0.409423828,1.468139648,-0.893798828
0.715087891,1.209594727,-0.834228516
1.046508789,1.117919922,-0.819458008
0.538574219,0.889892578,-0.919555664
0.103149414,0.339599609,-0.869262695
0.081542969,0.006103516,-0.57800293
-0.135742188,0.369140625,-0.12902832
-0.455810547,-0.064697266,0.180053711
-0.62109375,-0.880859375,0.255126953
-1.093383789,-0.732788086,0.402709961
-1.265991211,-0.572998047,0.399658203
-0.902709961,-1.357910156,-0.36730957
-0.245605469,-1.848632813,-0.778442383
-0.204833984,-2,-1.999938965
-1.57434082,-1.501831055,-1.78125
-1.140014648,-0.843505859,-1.877563477
-1.022583008,-1.713378906,-1.54296875
-0.303344727,-1.388671875,-0.771240234
0.319091797,-0.874511719,0.014526367
-0.199951172,-0.069946289,-0.068481445
0.006591797,1.564208984,-0.611816406
-0.590576172,1.413085938,-1.08972168
-1.268066406,0.929321289,-1.956420898
-1.999938965,-0.005126953,-1.999938965
-1.999938965,-0.314208984,-1.299560547
-0.738037109,-0.120849609,-0.855834961
0.057373047,-0.21472168,0.253051758
0.283325195,-0.339111328,0.609130859
-0.439697266,-0.067749023,-0.287353516
-0.600219727,0.943847656,0.439453125
-0.309204102,1.306396484,0.286132813
-0.182128906,0.181640625,0.426879883
0.040893555,-0.637207031,-0.158691406
-0.118041992,-1.910644531,-1.045410156
-0.980712891,-1.889282227,-0.62097168
-1.999938965,-1.674926758,0.111694336
-1.999938965,-1.120483398,-0.177246094
-1.066162109,-1.086914063,-0.78137207
-1.299560547,-0.321411133,0.069824219
-1.071166992,0.084960938,0.400268555
-1.287841797,-0.965209961,-0.5859375
-1.122558594,-0.050537109,-0.313476563
-1.322753906,0.028076172,-0.522216797
-1.696044922,-1.040527344,0.449707031
-1.689453125,-0.188598633,0.367431641
-1.463745117,0.389770508,0.397094727
-1.800537109,0.996459961,-0.174560547
-1.999938965,1.1015625,-0.565917969
-1.999938965,0.658081055,-0.759277344
-1.999938965,0.604858398,-0.66394043
-1.645141602,0.336547852,-0.461791992
-1.426635742,0.425415039,-0.352050781
-1.183349609,0.658935547,-0.569458008
-0.637817383,1.268188477,-0.143920898
-0.005737305,1.067504883,0.370605469
0.525024414,0.136962891,-0.061767578
0.321899414,-0.869262695,-0.853027344
-0.657958984,-0.486450195,-1.221679688
-1.618286133,-0.226806641,-1.349609375
-1.651489258,-0.254760742,-0.848999023
-0.77734375,0.115112305,-1.177856445
-0.420410156,-0.013671875,-0.972900391
-0.175415039,-0.112182617,-0.196899414
-0.211303711,-0.982666016,-0.525390625
-0.104003906,-0.335449219,-1.326782227
-0.239746094,0.276733398,-1.481201172
-1.180664063,1.476928711,-1.223022461
-1.558105469,0.722167969,-0.906860352
-1.198608398,0.290161133,-1.112426758
-1.176513672,0.026000977,-0.769287109
-1.268798828,-1.044921875,-0.592773438
-1.116455078,-0.727539063,0.626953125
0.482666016,-2,-1.049804688
0.257202148,-1.201171875,-0.378417969
-0.045898438,-0.389648438,-0.282348633
-0.209350586,0.53527832,0.209350586
-0.333618164,0.917724609,0.150146484
-0.18347168,0.768676758,-0.628051758
0.252563477,0.107910156,-1.919067383
0.043823242,-0.558105469,-0.861328125
-0.991821289,-1.098754883,-1.247192383
-1.275634766,-0.973266602,-1.872070313
-1.380126953,-0.756103516,-1.417114258
-1.200683594,-0.195556641,-1.036376953
-1.183959961,0.361572266,-1.485961914
-1.087524414,0.473388672,-0.216308594
-0.288696289,0.282104492,-0.303222656
0.093017578,0.20715332,-0.245361328
0.170776367,-0.304443359,-0.214477539
0.251953125,-0.088256836,-0.314941406
0.368896484,0.252807617,-0.156982422
0.305786133,0.530639648,-0.122436523
0.100219727,0.853393555,-1.578491211
-0.229736328,0.899780273,-1.842651367
-0.931640625,0.276611328,-1.07434082
-1.37902832,0.193237305,-0.777832031
-1.212524414,-0.018188477,-1.168457031
-0.795654297,-0.660644531,-1.439331055
-0.950439453,-0.692260742,-1.19140625
-1.103881836,-1.450561523,-0.968383789
-1.123779297,-1.45715332,-0.677734375
-0.602050781,-0.543701172,-0.378051758
0.054931641,-0.133056641,-0.239624023
0.12109375,-0.076171875,-0.225097656
0.045532227,-0.056640625,-0.192504883
0.198120117,-0.169677734,-0.285522461
0.081054688,-0.434936523,-0.603637695
-0.152832031,-1.221801758,-1.219116211
-0.211914063,-1.740600586,-1.472290039
-0.899291992,-1.767944336,-1.28112793
-0.572509766,-1.083618164,-1.232666016
-0.478149414,-0.801757813,-1.163208008
-0.691162109,-0.354003906,-0.89831543
-0.716430664,-0.041625977,-0.643188477
-0.428833008,0.312133789,-0.314208984
-0.076293945,-0.346435547,-0.110595703
0.104492188,-0.301513672,-0.359130859
0.125366211,-0.330566406,-0.462036133
0.086669922,-0.487182617,-0.615478516
-0.011108398,-0.565917969,-0.485107422
-0.047729492,-0.759765625,-0.172363281
-0.115844727,-0.614868164,-0.395019531
-0.345092773,-0.004760742,-1.64831543
0.082519531,0.403930664,-1.893676758
0.029541016,0.899047852,-1.773925781
-0.615722656,0.790771484,-1.737304688
-0.942504883,-0.06628418,-1.25402832
-0.431518555,0.41809082,-1.259277344
-0.422973633,-0.025146484,-0.8046875
-0.357543945,-0.097412109,-0.400268555
-0.386230469,0.021850586,-0.535644531
-0.391723633,0.00012207,-0.523803711
-0.431274414,-0.177978516,-0.555908203
-0.365356445,-0.348510742,-0.567138672
-0.306884766,-0.363891602,-0.652709961
-0.30480957,-0.369018555,-0.78918457
-0.681884766,-0.362060547,-0.8828125
-0.879516602,-0.202026367,-0.774780273
-0.647705078,0.069702148,-0.562988281
-0.17590332,-0.032958984,-0.524291992
-0.198364258,0.063232422,-0.699462891
-0.398071289,0.277099609,-0.637939453
-0.670410156,-0.651855469,-1.213745117
-0.823120117,-1.457275391,-1.505981445
-0.991333008,-1.494628906,-1.59362793
-1.304199219,-1.331787109,-0.895141602
-0.714111328,-1.254150391,-1.120483398
-0.450683594,-0.705078125,-1.039672852
-0.517700195,-0.098754883,-0.825927734
-0.488037109,-0.159912109,-0.459838867
-0.329589844,-0.155273438,-0.119750977
-0.280517578,-0.145507813,0.021606445
-0.114379883,-0.015136719,-0.191894531
0.166137695,0.309082031,-0.633789063
0.009643555,-0.108276367,-0.838623047
-0.24230957,-0.363647461,-0.905273438
-0.198608398,-0.250244141,-0.952026367
-0.229980469,-0.15612793,-0.849609375
-0.256713867,-0.284545898,-0.714599609
-0.196777344,-0.543457031,-0.602661133
-0.107177734,-0.531738281,-0.522216797
-0.174560547,-0.500488281,-0.681274414
-0.426635742,-0.422119141,-1.423339844
-0.484619141,0.063232422,-1.767822266
-0.575439453,0.340087891,-1.083374023
-0.87487793,0.103637695,-1.30847168
-0.66015625,0.232666016,-1.185668945
-0.341674805,0.184814453,-1.27734375
-0.522216797,0.040405273,-1.064697266
-0.545532227,0.036865234,-0.765380859
-0.672119141,-0.297363281,-0.661254883
-0.68737793,-0.977050781,-0.659057617
-0.692993164,-0.677368164,-0.486083984
-0.115356445,-0.635742188,-0.497436523
0.015380859,-0.685668945,-0.561889648
0.141967773,-0.319946289,-0.586181641
0.420776367,0.113891602,-0.663208008
0.279174805,0.43762207,-0.331176758
0.10546875,0.098144531,-0.491577148
-0.090942383,-0.356445313,-1.199707031
-0.112548828,-0.836914063,-1.824584961
-0.420654297,-1.492553711,-1.349853516
-0.795532227,-1.34777832,-1.364257813
-0.787231445,-0.333374023,-1.272827148
-0.650878906,-0.369140625,-0.844116211
-0.556274414,-0.194824219,-1.045532227
-0.708374023,-0.200927734,-0.85534668
-0.448486328,-0.147338867,-0.58605957
-0.063842773,-0.003051758,-0.484375
0.140991211,0.05090332,-0.418701172
0.188354492,-0.215576172,-0.418334961
0.187988281,-0.158325195,-0.414428711
0.092163086,-0.258666992,-0.360717773
0.048461914,-0.279052734,-0.300170898
0.05456543,-0.331298828,-0.362060547
-0.036865234,-0.262207031,-0.583618164
-0.829223633,-0.807495117,-1.393798828
-0.756591797,-0.549438477,-1.535644531
-0.947753906,-0.202148438,-1.556640625
-1.081665039,0.173461914,-1.399047852
-0.912963867,0.323608398,-1.104858398
-0.651123047,0.432739258,-0.844848633
-0.458374023,0.111938477,-0.634521484
-0.085327148,-0.16394043,-0.41809082
0.228515625,0.021118164,-0.096557617
0.358154297,0.178100586,0.280273438
0.564941406,0.227661133,0.280883789
0.494506836,0.426391602,-0.340332031
0.164550781,0.508056641,-1.18371582
-0.209594727,0.393554688,-1.583374023
-0.645507813,-0.176513672,-1.878295898
-0.716918945,-0.38684082,-1.999938965
-1.149414063,-1.17175293,-1.999938965
-0.920654297,-0.846313477,-1.653808594
-0.57800293,-0.786743164,-1.057006836
-0.223266602,-0.651855469,-0.67578125
-0.199462891,-0.38659668,-0.317749023
-0.266723633,-0.268554688,-0.043945313
-0.122436523,-0.054443359,0.242919922
0.310913086,0.037597656,0.226928711
0.5390625,0.15625,-0.361572266
0.261962891,-0.176635742,-0.837646484
0.137695313,-0.859619141,-1.06237793
-0.452026367,-1.159423828,-1.46862793
-0.707763672,-0.991821289,-1.942749023
-0.797729492,-0.827026367,-1.999938965
-0.628540039,-0.6171875,-1.73046875
-0.54284668,-0.339477539,-1.353393555
-0.445556641,-0.239135742,-0.889526367
-0.308227539,-0.019775391,-0.396850586
-0.274780273,0.081787109,-0.010742188
-0.12878418,0.12121582,0.120849609
0.339355469,0.069824219,0.025634766
0.677734375,0.224853516,-0.150268555
0.510009766,0.349487305,-0.355102539
0.138671875,0.093383789,-1.102416992
-0.171020508,0.210327148,-1.710449219
-0.552001953,-0.01550293,-1.916992188
-0.682739258,-1.104370117,-1.868896484
-1.065673828,-1.652954102,-1.610717773
-0.653198242,-1.071289063,-1.182495117
-0.216796875,-0.508300781,-0.728027344
-0.037231445,-0.101806641,-0.258422852
0.034179688,-0.096923828,0.222412109
0.031982422,-0.350219727,0.048217773
-0.230712891,-0.273803711,-0.236450195
-0.169555664,-0.099121094,-0.576416016
0.295043945,-0.987304688,-0.883300781
0.361206055,-1.008300781,-1.255249023
-0.314086914,-0.752197266,-1.411376953
-0.649169922,-0.5390625,-1.625244141
-0.627197266,-0.526733398,-1.7890625
-0.567504883,-0.326904297,-1.664916992
-0.477905273,-0.085571289,-1.409057617
-0.415649414,-0.102539063,-1.046630859
-0.330566406,-0.120483398,-0.568359375
-0.272949219,-0.075073242,-0.206665039
-0.174682617,-0.053833008,0.03515625
0.066040039,-0.008178711,0.016235352
0.30065918,0.223632813,-0.224243164
0.354614258,0.175048828,-0.177734375
0.197509766,0.114501953,-0.78918457
0.041992188,0.215454102,-1.623291016
-0.45703125,0.014160156,-1.902709961
-0.698974609,-0.701416016,-1.994140625
-1.149780273,-1.111694336,-1.999938965
-0.92565918,-0.868041992,-1.595703125
-0.484375,-0.820922852,-1.017822266
-0.247192383,-0.487426758,-0.536865234
-0.155395508,-0.176147461,-0.170776367
-0.140380859,-0.300292969,0.084716797
-0.19909668,-0.291259766,-0.00390625
-0.141235352,-0.054931641,-0.173461914
0.106567383,0.131958008,-0.404296875
0.24987793,-0.663818359,-1.016723633
0.021972656,-1.061889648,-1.240478516
-0.419189453,-0.921020508,-1.278076172
-0.64855957,-0.625976563,-1.476196289
-0.427612305,-0.701538086,-1.694091797
-0.417358398,-0.407592773,-1.564453125
-0.517578125,-0.086303711,-1.317138672
-0.551269531,0.11706543,-0.941650391
-0.403808594,0.256591797,-0.48059082
-0.216186523,0.457275391,-0.104370117
0.098144531,0.346191406,-0.016967773
0.456787109,0.016845703,-0.348022461
0.430664063,-0.012695313,-0.581054688
0.135498047,-0.069091797,-1.017211914
-0.123901367,-0.048217773,-1.363037109
-0.623657227,-0.137573242,-1.458129883
-0.894165039,-0.437988281,-1.700561523
-1.110717773,-0.828857422,-1.611328125
-0.80871582,-1.009643555,-1.454101563
-0.74597168,-0.831665039,-1.161254883
-0.633056641,-0.396850586,-0.668457031
-0.456542969,-0.157348633,-0.188232422
-0.194580078,-0.192749023,0.210083008
0.179077148,-0.405151367,0.065429688
0.505371094,0.048461914,-0.323242188
0.21887207,-0.096435547,-0.545654297
-0.099243164,-1.198608398,-1.065795898
-0.265014648,-1.023925781,-1.263061523
-0.530395508,-0.768188477,-1.391723633
-0.763671875,-0.911865234,-1.636230469
-0.646606445,-0.92956543,-1.779296875
-0.750488281,-0.551635742,-1.50390625
-0.623901367,-0.257202148,-1.201171875
-0.416992188,-0.105712891,-0.859863281
-0.173339844,0.118408203,-0.425292969
-0.201293945,0.312011719,-0.263427734
-0.137451172,0.110107422,-0.060546875
0.099365234,-0.150024414,0.150146484
0.256103516,-0.089355469,0.234375
0.333251953,0.108032227,-0.334594727
0.31628418,0.190917969,-1.272949219
-0.05065918,0.197143555,-1.720947266
-0.571533203,0.005493164,-1.927612305
-1.096191406,-0.607299805,-1.999938965
-0.976806641,-1.127075195,-1.892944336
-0.85534668,-1.149658203,-1.460571289
-0.654418945,-0.873535156,-0.799804688
-0.221069336,-0.580810547,-0.469848633
0.04284668,-0.267333984,-0.276367188
0.16015625,-0.235107422,-0.166748047
0.50769043,-0.139648438,-0.162963867
0.533447266,0.114501953,-0.032592773
0.453125,0.053222656,-0.103515625
0.35949707,-0.423339844,-0.828613281
0.202636719,-0.958374023,-1.353637695
-0.18762207,-0.781982422,-1.638549805
-0.408813477,-0.743286133,-1.854125977
-0.728271484,-0.596557617,-1.765258789
-0.654785156,-0.359130859,-1.596801758
-0.521362305,0.070556641,-1.232543945
-0.358520508,0.300415039,-0.916259766
-0.316772461,0.420532227,-0.646240234
-0.235351563,0.142944336,-0.661987305
-0.142822266,0.038330078,-0.552856445
-0.151000977,-0.002075195,-0.440917969
-0.143798828,-0.180419922,-0.217163086
-0.119262695,-0.355224609,-0.142944336
-0.112060547,-0.254638672,-0.545532227
-0.035644531,0.036132813,-1.720947266
0.181396484,0.564086914,-1.703369141
-0.347900391,0.380371094,-1.510131836
-0.707763672,-0.194946289,-1.395141602
-0.673461914,-0.516113281,-1.263183594
-0.440673828,-0.580688477,-1.151123047
-0.330688477,-0.42199707,-0.875976563
-0.329589844,-0.421264648,-0.656494141
-0.284301758,-0.584716797,-0.518920898
-0.208129883,-0.617431641,-0.462158203
-0.101318359,-0.516113281,-0.471801758
0.083496094,-0.415039063,-0.573486328
0.132324219,-0.250854492,-0.768554688
0.010009766,-0.240112305,-0.905273438
-0.12512207,-0.271240234,-1.038574219
-0.243408203,-0.162597656,-1.053466797
-0.40246582,0.108032227,-0.876953125
-0.268188477,0.21472168,-0.660400391
-0.097167969,0.116210938,-0.566650391
-0.143676758,0.017700195,-0.45300293
-0.129760742,-0.737304688,-0.850952148
-0.033935547,-1.416015625,-1.47265625
-0.565429688,-1.289794922,-1.510864258
-0.927490234,-0.843505859,-1.353393555
-1.033081055,-0.357177734,-0.991455078
-0.602539063,-0.223388672,-0.909790039
-0.338623047,-0.094238281,-1.023193359
-0.331787109,0.081787109,-0.939331055
-0.471923828,0.155517578,-0.766967773
-0.497680664,0.10925293,-0.716308594
-0.396240234,0.152709961,-0.670532227
-0.254760742,0.161987305,-0.638183594
-0.015014648,-0.018310547,-0.739990234
0.173339844,-0.155273438,-0.954223633
0.034423828,-0.151245117,-0.955810547
-0.072143555,-0.118774414,-0.919555664
-0.972045898,-1.28112793,-1.518310547
-0.613647461,-0.845458984,-1.080078125
-0.229980469,-0.471069336,-0.697265625
0.008789063,-0.226928711,-0.203491211
0.041259766,-0.464233398,0.041625977
-0.038330078,-0.858276367,-0.114257813
-0.1328125,-0.467773438,-0.398681641
-0.107666016,-0.176147461,-0.247070313
0.383789063,-0.897949219,-0.747924805
0.227783203,-0.837768555,-1.020263672
-0.077758789,-0.457885742,-1.492919922
-0.523803711,-0.411621094,-1.899047852
-0.858154297,-0.453491211,-1.758300781
-0.54284668,0.007324219,-1.385253906
-0.080444336,0.35559082,-1.107055664
0.060913086,0.254760742,-0.842895508
-0.085449219,0.248779297,-0.671264648
-0.302734375,0.072631836,-0.43737793
-0.041503906,-0.088745117,-0.176757813
0.581542969,-0.024047852,0.012084961
0.892944336,-0.039672852,-0.10168457
0.661132813,-0.14855957,-0.211303711
0.44543457,0.294555664,-1.408203125
-0.058105469,0.254394531,-1.999938965
-0.664916992,-0.039672852,-1.999938965
-1.270019531,-0.746826172,-1.994750977
-1.291870117,-0.987060547,-1.531982422
-0.544677734,-0.979980469,-0.947509766
-0.177368164,-0.635864258,-0.517211914
-0.01965332,-0.17175293,-0.147583008
-0.033813477,-0.603759766,-0.023193359
-0.229248047,-0.905883789,-0.075195313
-0.014282227,-0.123779297,-0.138793945
0.551391602,0.002197266,-0.29675293
0.627807617,-0.288818359,-0.9375
0.293334961,-0.733276367,-1.493774414
-0.188964844,-0.457397461,-1.77722168
-0.346801758,-0.20703125,-1.999938965
-0.676269531,-0.252563477,-1.981201172
-0.72277832,-0.036499023,-1.643920898
-0.443481445,0.428100586,-1.155639648
-0.267822266,0.417724609,-0.841430664
-0.321777344,0.173828125,-0.444824219
-0.052734375,-0.135009766,-0.370849609
0.351928711,-0.366821289,-0.294067383
0.611328125,-0.338378906,-0.157226563
0.69152832,-0.017578125,0.0625
0.626586914,0.356811523,-0.060058594
0.436401367,0.171264648,-0.309692383
0.272094727,-0.198364258,-1.226318359
-0.192504883,-0.083618164,-1.999938965
-0.780883789,-0.026489258,-1.999938965
-1.369873047,-0.406738281,-1.957519531
-1.524780273,-1.098632813,-1.249267578
-0.977172852,-0.992797852,-0.812866211
-0.569580078,-0.648925781,-0.536743164
-0.350830078,-0.506835938,-0.211791992
-0.130615234,-0.090454102,-0.31628418
-0.146362305,-0.32019043,-0.315551758
0.045898438,-0.451416016,-0.206542969
0.203979492,-0.436645508,-0.232910156
0.32824707,-0.060791016,-0.270507813
0.191650391,-0.896606445,-0.967041016
0.249633789,-2,-1.44934082
-0.847167969,-1.942993164,-1.187255859
-0.754150391,-0.727905273,-1.263061523
-0.373535156,-0.311035156,-1.237304688
-0.127197266,-0.299316406,-1.147460938
-0.104003906,-0.121826172,-0.990478516
-0.192016602,0.174072266,-0.88269043
-0.305419922,0.311767578,-0.745483398
-0.263305664,0.315307617,-0.631591797
-0.322753906,0.229492188,-0.585327148
-0.428222656,-0.025146484,-0.532714844
-0.181396484,-0.438964844,-0.729980469
-0.043701172,-0.700683594,-0.838500977
0.020385742,-0.868041992,-0.774414063
-0.047363281,-0.685546875,-0.532836914
0.011474609,-0.421508789,-0.41418457
0.159545898,-0.242797852,-0.767456055
0.358520508,0.742797852,-1.347167969
0.158935547,1.203613281,-1.338989258
-0.346557617,0.737060547,-1.358032227
-0.521972656,0.486083984,-1.442504883
-0.351806641,0.372802734,-1.405273438
-0.284057617,-0.101928711,-1.390258789
-0.436645508,-0.629516602,-1.308227539
-0.609619141,-0.774902344,-0.952392578
-0.56262207,-1.072753906,-0.641601563
-0.48840332,-0.980102539,-0.514648438
-0.278686523,-0.610351563,-0.396850586
-0.028930664,-0.365722656,-0.15625
0.259887695,-0.077026367,0.046508789
0.516235352,0.253295898,0.171386719
0.618530273,-0.11706543,-0.59362793
0.53918457,-0.681762695,-1.508300781
0.049682617,-0.723632813,-1.051513672
-0.180786133,-1.314331055,-1.166503906
-0.427978516,-1.167236328,-1.5703125
-0.475708008,-0.782104492,-1.797851563
-0.511474609,-0.473144531,-1.836181641
-0.583374023,-0.227905273,-1.535400391
-0.586791992,0.021484375,-1.122802734
-0.462890625,0.169677734,-0.721313477
-0.287841797,0.297119141,-0.354492188
0.011108398,0.161254883,-0.092407227
0.428588867,0.048095703,-0.100097656
0.868164063,0.044921875,-0.203125
0.615722656,0.072143555,-0.155273438
0.296020508,0.253051758,-0.386474609
0.375366211,0.303955078,-1.119140625
0.178344727,0.357055664,-1.641845703
-0.341674805,-0.077636719,-1.999938965
-0.659057617,-0.561645508,-1.971557617
-1.003662109,-0.998413086,-1.694702148
-0.653564453,-0.95690918,-1.385253906
-0.296508789,-0.77734375,-0.927734375
-0.274047852,-0.548583984,-0.62902832
-0.316162109,-0.42565918,-0.35534668
-0.325683594,-0.347290039,-0.05480957
0.009643555,-0.376831055,0.040405273
0.424072266,-0.214477539,-0.072021484
0.581665039,-0.07421875,-0.54284668
0.299316406,-0.36340332,-0.843994141
0.061889648,-0.948120117,-1.044311523
-0.147216797,-0.919311523,-1.174926758
-0.202514648,-0.852294922,-1.526367188
-0.376342773,-0.838500977,-1.754882813
-0.399291992,-0.646240234,-1.759155273
-0.443847656,-0.279541016,-1.533813477
-0.442382813,0.172607422,-1.213745117
-0.30065918,0.412353516,-0.91418457
-0.157592773,0.479858398,-0.678833008
0.039306641,0.374755859,-0.42565918
0.522338867,0.174560547,-0.305175781
0.650878906,0.057006836,-0.29284668
0.271606445,-0.0703125,-0.159179688
0.015625,-0.235351563,-0.262573242
0.180908203,-0.327514648,-1.14074707
0.01953125,-0.377807617,-1.715820313
-0.494628906,-0.498779297,-1.936157227
-1.038085938,-0.719116211,-1.889892578
-1.05090332,-0.853515625,-1.806640625
-0.745361328,-0.885620117,-1.445068359
-0.631103516,-0.673339844,-1.02722168
-0.458251953,-0.434082031,-0.571655273
-0.284790039,-0.087890625,-0.163085938
0.079223633,0.150512695,0.185546875
0.476318359,-0.112304688,0.322753906
0.569335938,0.01184082,0.08203125
0.288208008,-0.252441406,-0.071411133
0.398071289,-0.718505859,-0.528076172
0.136962891,-0.186279297,-1.080322266
-0.014282227,-0.184082031,-1.733886719
-0.40246582,-0.124145508,-1.999938965
-0.602539063,-0.036621094,-1.999938965
-0.588623047,0.165771484,-1.776855469
-0.583862305,0.455566406,-1.337524414
-0.34765625,0.649414063,-0.897338867
-0.060424805,0.510620117,-0.567626953
-0.161621094,0.198364258,-0.237060547
-0.168945313,-0.228881836,0.074829102
-0.014892578,-0.487792969,0.229370117
0.165893555,-0.269165039,0.183227539
0.510620117,-0.005981445,-1.263427734
0.61328125,0.26953125,-1.999938965
-0.281860352,0.167114258,-1.999938965
-0.735229492,-0.02355957,-1.999938965
-0.758300781,-0.149414063,-1.999938965
-0.192016602,-0.619262695,-1.694091797
-0.074462891,-0.477783203,-1.210205078
0.094726563,-0.306884766,-0.706420898
0.340332031,-0.361328125,-0.508911133
0.284545898,-0.585083008,-0.429199219
0.052612305,-0.609985352,-0.583618164
-0.081298828,-0.469970703,-0.434448242
0.117553711,-0.455444336,-0.020385742
0.488891602,-0.220947266,0.167114258
0.459838867,-0.108520508,-0.281616211
0.241943359,0.015991211,-0.355957031
0.103393555,-0.249389648,-0.457519531
-0.010009766,-0.505493164,-1.157470703
-0.157836914,-0.260498047,-1.528442383
-0.358764648,-0.656738281,-1.758911133
-0.551391602,-0.939941406,-1.76953125
-0.521728516,-0.539550781,-1.850463867
-0.670898438,-0.038818359,-1.689819336
-0.659423828,0.436279297,-1.476318359
-0.454345703,0.641113281,-1.145751953
-0.188110352,0.735595703,-0.758178711
-0.022827148,0.600952148,-0.308349609
0.369262695,0.284057617,-0.078125
0.6640625,0.066040039,-0.193725586
0.637329102,-0.166015625,-0.317504883
0.315063477,-0.041748047,-0.315673828
0.335449219,-0.311035156,-0.313842773
0.373901367,-0.287109375,-1.104980469
0.013061523,0.238647461,-1.92578125
-0.568359375,0.296020508,-1.999938965
-0.693237305,-0.381958008,-1.999938965
-0.817138672,-0.874267578,-1.623901367
-0.541381836,-0.788574219,-1.119995117
-0.166381836,-0.545166016,-0.85144043
-0.011352539,-0.382080078,-0.65246582
-0.29284668,-0.274169922,-0.518188477
-0.08972168,0.006713867,-0.330566406
0.281494141,-0.0859375,-0.27734375
-0.007324219,-0.299438477,-0.249389648
-0.071655273,-0.160888672,-0.167236328
0.195068359,0.081420898,-0.434570313
0.282226563,0.101806641,-0.798095703
0.466430664,-0.794555664,-1.56640625
0.140991211,-1.485473633,-1.810668945
-0.590698242,-0.904174805,-1.963378906
-0.818481445,-0.467041016,-1.753662109
-0.518554688,-0.346923828,-1.438598633
-0.357788086,-0.16784668,-1.203491211
-0.298461914,0.08984375,-1.016235352
-0.049926758,0.319824219,-0.661743164
0.235107422,0.276977539,-0.450195313
0.470092773,0.125,-0.48840332
0.315551758,0.078857422,-0.616455078
0.151123047,-0.194213867,-0.635253906
-0.09753418,-0.543945313,-0.680664063
-0.338378906,-0.695800781,-0.550415039
-0.391113281,-0.6015625,-0.350097656
-0.24609375,-0.382324219,-0.435424805
-0.237304688,0.204956055,-1.060913086
0.127563477,0.759277344,-1.999938965
-0.432250977,0.619262695,-1.999938965
-1.096923828,-0.058105469,-1.514526367
-0.788818359,-0.596191406,-1.176757813
-0.076171875,-0.693237305,-0.987670898
0.192871094,-0.789672852,-0.928100586
-0.032958984,-0.610229492,-0.817382813
-0.185058594,-0.575805664,-0.536010742
-0.125244141,-0.45300293,-0.476928711
-0.134399414,-0.187866211,-0.544433594
-0.121337891,-0.14453125,-0.608398438
0.102661133,-0.198242188,-0.681762695
0.199462891,-0.219726563,-0.998413086
-0.03515625,-0.159545898,-1.138061523
-0.078735352,-0.095825195,-1.127075195
-0.093017578,-0.207397461,-1.000976563
0.014038086,0.029052734,-0.896606445
0.051147461,-0.044799805,-0.617431641
0.090576172,-0.075805664,-0.437744141
0.199462891,-0.165161133,-0.682861328
0.02331543,-0.327148438,-1.19140625
-0.021972656,-0.557006836,-1.096313477
-0.292236328,-0.103027344,-0.87487793
-0.170166016,0.035522461,-1.131225586
-0.171875,-0.198974609,-1.422363281
-0.252197266,-0.518066406,-1.388549805
-0.302856445,-0.584960938,-1.276489258
-0.234375,-0.417602539,-1.100219727
-0.133789063,-0.256835938,-0.888305664
-0.109008789,-0.249389648,-1.048583984
-0.131713867,0.025878906,-1.091186523
-0.094482422,0.002075195,-0.908447266
-0.119873047,-0.27355957,-0.784423828
-0.302734375,-0.341796875,-0.764770508
-0.369750977,-0.22668457,-0.794677734
-0.353515625,-0.083862305,-0.911621094
-0.325805664,-0.053588867,-0.854492188
-0.253295898,-0.025146484,-0.857055664
-0.144775391,-0.082763672,-0.877685547
-0.074462891,-0.363037109,-0.915893555
-0.206787109,-0.541259766,-0.888793945
-0.441894531,-0.686889648,-0.756347656
-0.520019531,-0.68762207,-0.527587891
-0.415283203,-0.531494141,-0.385375977
-0.255981445,-0.365966797,-0.705688477
-0.120361328,0.287109375,-1.498291016
-0.315063477,0.281616211,-1.530639648
-0.742919922,0.030883789,-1.188720703
-0.478759766,-0.098999023,-1.358032227
-0.160644531,-0.112060547,-1.385253906
-0.203613281,-0.108398438,-1.199707031
-0.249145508,-0.104736328,-0.944213867
-0.169677734,-0.172607422,-0.962646484
-0.220825195,-0.276489258,-1.069946289
-0.299560547,-0.437133789,-0.561767578
-0.251586914,-0.505004883,0.733276367
0.241943359,-0.664428711,0.236206055
0.15637207,-0.231201172,-0.486083984
-0.097045898,-0.044311523,-0.308349609
-0.35546875,-0.158447266,-0.982177734
-0.672973633,0.049194336,-1.210449219
-0.72277832,-0.200073242,-1.976318359
-0.969360352,-0.459594727,-1.013427734
-1.00769043,-0.557373047,-0.238037109
-0.765380859,-0.123657227,-0.025512695
-0.683349609,-0.999755859,-0.726074219
-1.205932617,0.30065918,-0.715820313
-1.578491211,0.991577148,-0.228515625
-0.963623047,0.847900391,-0.886352539
-0.152587891,0.534179688,-1.713745117
-0.284912109,0.070678711,-0.913452148
-0.217529297,0.044189453,-0.610839844
0.521606445,0.6171875,-0.321533203
0.202392578,0.194946289,-0.755859375
-0.362792969,0.073852539,-0.682983398
0.321533203,0.242553711,-1.147827148
-0.260131836,0.215209961,-1.477905273
-0.85925293,-0.134765625,-1.43762207
-0.857543945,-0.251953125,-1.008789063
-0.704956055,-0.120483398,-0.420410156
-0.38671875,-0.086791992,0.254638672
0.079956055,0.223754883,0.703735352
0.876342773,0.328491211,0.159179688
1.288330078,-0.177001953,0.01171875
0.546386719,-0.733032227,0.526977539
0.097290039,-0.786621094,0.695922852
-0.261352539,-0.628173828,1.158935547
-0.756225586,-0.354003906,1.758056641
-0.012695313,1.999938965,-1.311401367
-1.195556641,-2,-2
1.641357422,1.999938965,1.423828125
-0.760131836,1.013305664,1.498046875
-0.404418945,0.178100586,0.535644531
0.144287109,0.614013672,0.813354492
-0.129760742,0.778198242,1.171386719
0.62487793,1.273803711,0.638916016
0.564208984,0.823242188,-0.179443359
0.377685547,0.67199707,0.501098633
0.278076172,0.768066406,0.437988281
0.367675781,0.844970703,0.322265625
0.286865234,0.85168457,0.35949707
0.096557617,0.430297852,0.671142578
0.221069336,0.69543457,0.421264648
0.252197266,0.589111328,0.867919922
-0.08984375,1.026611328,0.656616211
-0.018920898,0.920410156,0.758789063
0.095825195,0.709350586,0.836914063
-0.065429688,0.509887695,-0.091918945
0.044189453,1.208740234,-0.092529297
0.885986328,1.399658203,-0.116821289
0.541625977,1.022827148,0.103759766
-0.102294922,0.980834961,0.095336914
0.743041992,1.079223633,0.700805664
0.537231445,0.64074707,0.547119141
0.838623047,0.903686523,0.513671875
0.551025391,0.940429688,1.145996094
-0.197631836,1.999938965,1.202514648
-0.024902344,0.496337891,0.689331055
0.674194336,0.325561523,0.681518555
1.232299805,1.122436523,-2
-1.999938965,-0.481811523,0.875
0.356567383,0.697875977,0.448974609
-0.069213867,0.973144531,0.653564453
0.586669922,0.740234375,0.196166992
0.145751953,0.387695313,1.442504883
0.573608398,0.383789063,0.55859375
0.444335938,0.337158203,0.858642578
0.486938477,0.649414063,0.889160156
0.441162109,0.28515625,0.933959961
0.432617188,0.357177734,0.842041016
0.390869141,0.416625977,0.754272461
0.39050293,0.33215332,0.903320313
0.1015625,0.286376953,0.743896484
0.236328125,0.626220703,0.896484375
0.318115234,0.154785156,0.861572266
0.358276367,0.035522461,0.999145508
0.400390625,-0.121948242,1.032104492
0.306152344,0.250854492,0.893310547
0.27734375,0.835205078,0.930541992
0.240844727,0.97265625,0.932617188
0.192993164,0.372680664,0.848388672
0.203857422,0.362915039,0.762451172
0.214599609,0.293334961,0.663696289
0.378417969,0.425048828,1.030029297
0.369873047,0.201538086,1.104248047
0.378295898,0.200439453,1.258300781
0.217895508,0.141967773,1.157592773
0.254150391,0.138916016,1.079589844
0.248779297,0.187988281,0.979980469
0.263916016,0.209594727,0.956176758
0.24206543,0.340209961,0.921264648
0.337036133,0.232910156,0.998657227
0.157592773,0.316772461,1.244140625
0.225585938,-0.20324707,1.458374023
0.571533203,-0.152954102,1.198608398
0.599487305,-0.639160156,0.831420898
0.174560547,-1.134033203,0.740966797
0.032226563,-1.057861328,0.86315918
-0.129760742,-1.014526367,0.299560547
-0.37109375,0.751586914,1.120361328
-0.234375,1.999938965,1.182250977
-0.052612305,1.999938965,0.797729492
0.180664063,0.743041992,0.506591797
-0.003662109,0.565917969,1.074707031
0.102294922,-0.078857422,0.91418457
-0.016479492,-2,1.448242188
0.200561523,0.491210938,0.780883789
0.230712891,-0.029541016,1.100708008
0.167480469,0.078369141,1.180541992
0.25012207,0.102050781,1.224487305
1.962524414,1.999938965,-0.948120117
0.927734375,1.999938965,1.808959961
0.740356445,-0.035400391,1.822998047
0.110229492,-0.249267578,1.112792969
-0.184448242,-0.816040039,0.917358398
-0.73449707,-1.164306641,0.818725586
-0.453857422,-0.252197266,0.744018555
-0.21887207,0.094238281,0.5703125
-0.408081055,0.059936523,0.796508789
-0.4375,-0.77355957,0.664916992
-0.100219727,-0.80859375,0.801635742
-0.004394531,-0.946166992,0.448486328
0.056884766,-0.777587891,0.221435547
0.034912109,-0.915649414,0.151000977
-0.006103516,-0.744628906,0.168212891
-0.026611328,-0.840942383,0.013183594
0.159912109,-0.853393555,0.142578125
-0.018066406,-0.953857422,0.42578125
0.370117188,-0.990966797,0.103027344
-0.252563477,1.917358398,-0.378662109
0.133789063,-0.528564453,0.831665039
-0.065551758,-1.804077148,1.065307617
1.560302734,-0.909667969,0.447265625
0.916748047,-0.034790039,0.772460938
0.486450195,-0.627563477,1.843017578
-1.999938965,-2,-0.159790039
0.396850586,-0.268188477,1.178466797
0.588012695,0.314941406,1.879516602
0.952026367,-0.071655273,1.885375977
0.092529297,-1.305419922,-2
1.409545898,-1.904541016,0.315185547
0.108764648,0.612915039,0.75769043
-0.432006836,1.999938965,0.578735352
-0.677978516,0.997436523,0.156616211
-0.35546875,0.680908203,1.061279297
-0.712890625,0.471435547,1.704345703
0.231079102,-0.525024414,-0.618896484
-0.233642578,0.644287109,-0.18347168
-0.748168945,0.811523438,-0.094116211
-0.66784668,0.553833008,-0.193115234
-0.636352539,0.411621094,-0.267700195
-0.541625977,0.327026367,-0.397705078
-0.030761719,0.188842773,-0.058349609
0.506347656,0.145874023,-0.110229492
0.247192383,0.664428711,-1.611328125
0.259277344,-1.085327148,0.235473633
-0.624633789,1.852172852,-0.135742188
-0.272216797,1.999938965,-1.125366211
0.098022461,1.999938965,-0.792480469
-0.363647461,0.527954102,-0.219604492
-0.274291992,0.994140625,0.00793457
-0.150024414,0.667602539,-0.145629883
-0.001220703,1.187866211,-0.524414063
-0.156860352,1.269897461,-0.253295898
-0.040405273,1.205322266,-0.311279297
-0.057006836,1.170532227,0.010986328
0.138549805,0.981079102,0.252929688
0.354858398,0.898681641,0.640625
0.270385742,0.659790039,0.962036133
0.458129883,0.370605469,1.191650391
0.398681641,0.319335938,1.163452148
0.242919922,0.280395508,0.841918945
0.290771484,0.396850586,0.778930664
0.302856445,0.270996094,0.943481445
0.180297852,0.255737305,0.818969727
-0.079711914,0.527832031,0.670288086
0.063598633,0.475708008,0.569580078
0.286865234,1.248657227,0.68359375
0.132080078,0.121582031,0.463378906
0.035644531,0.119262695,0.598388672
0.256103516,0.853149414,0.991577148
0.264160156,0.427734375,0.830444336
0.751464844,1.999938965,1.138549805
0.55078125,1.926879883,1.348632813
-0.161987305,1.119873047,1.191650391
0.072143555,0.525756836,1.331054688
0.46472168,0.163085938,0.911010742
0.482666016,0.416625977,0.286621094
0.55078125,0.802001953,0.32824707
0.442138672,0.927246094,0.457275391
0.537475586,0.740356445,0.240722656
0.624267578,0.313232422,0.895141602
0.578369141,0.805664063,1.368530273
0.208007813,0.519042969,1.248779297
0.678100586,1.009765625,0.916259766
0.37097168,0.571411133,0.701416016
0.080810547,1.435668945,0.631713867
0.0546875,1.700317383,0.305175781
0.28112793,1.565673828,-0.043334961
-0.222290039,1.729125977,0.243286133
0.409057617,1.896606445,0.80065918
1.108764648,1.999938965,1.260864258
0.547973633,0.831665039,1.226074219
-2,0.036621094,0.671875
1.766357422,0.567749023,1.137329102
1.772460938,1.153564453,1.041992188
1.283081055,0.805053711,0.533813477
0.683349609,0.184692383,0.191894531
0.989990234,-0.704589844,0.12902832
1.119750977,-1.123657227,-0.055786133
0.768188477,-0.703491211,0.231689453
0.494384766,-0.734863281,0.479980469
0.372680664,-0.822631836,0.066162109
-0.06628418,-1.051879883,-0.281005859
-0.885131836,-1.166137695,-0.398681641
-1.198730469,-1.128051758,-0.895996094
-1.922363281,0.140380859,-1.28527832
-1.886962891,1.373901367,-1.643066406
-1.999938965,1.999938965,-1.204345703
-1.845825195,1.469970703,-0.440551758
-1.452392578,1.260864258,-0.524658203
-1.047729492,0.288085938,-0.366210938
-0.809814453,-0.101806641,-0.4921875
-0.954467773,0.446533203,-0.537597656
-1.205810547,0.086547852,-0.640136719
-1.436401367,0.683227539,-1.137084961
-1.364746094,0.251342773,-0.791259766
-1.259155273,0.15637207,-1.028442383
-1.188598633,0.023193359,-0.994506836
-1.184814453,-0.015991211,-1.092041016
-1.115478516,-0.350585938,-0.784301758
-1.030151367,-0.265869141,-0.856567383
-0.95324707,0.120117188,-0.934692383
-1.021362305,-0.400634766,-0.947875977
-1.088256836,-0.626342773,-0.89453125
-1.080810547,-0.472900391,-0.833374023
-0.864379883,-0.28918457,-0.827636719
-0.700805664,-0.249145508,-0.58605957
